S1,S2,S3,S4,S5,S6,S7,S8,S9,S10,S11,S12,S13,S14,S15,Clases
0.027471,0.34328,0.17557,0,0.0097914,0.53704,0.32331,0,0.065931,0.52564,0.8125,0.4876,0.027352,0.42308,0.15385,2
0.018815,0.50746,0.19084,0,0.0057481,0.5,0.23308,0,0.052074,0.52564,0.89063,0.39669,0.021566,0.35897,0.17308,2
0.010159,0.67164,0.20611,0,0.0017048,0.53694,0.14285,0,0.038217,0.52564,0.170001,0.74462,0.01578,0.29486,0.19231,2
0.001503,0.83582,0.22138,0,0.0023385,0.107393,0.5262,0,0.02436,0.52564,0.250939,0.109255,0.009994,0.23075,0.21154,2
0.007153,0.1,0.23665,0,0.0063818,0.161092,0.3761,0,0.010503,0.52564,0.331877,0.144048,0.004208,0.16664,0.23077,2
0.025117,0.46269,0.30534,0,0.0060571,0.77778,0.33835,0.0095238,0.063681,0.29487,0.8125,0.40496,0.03338,0.29487,0.25962,2
0.04773,0.46269,0.32061,0.040323,0.018582,0.64815,0.31579,0.066667,0.070554,0.38462,0.95313,0.41322,0.041385,0.39744,0.31731,2
0.13753,0.46269,0.58015,0.12903,0.12454,0.37037,0.54135,0.1619,0.11012,0.52564,1,0.57025,0.084476,0.52564,0.51923,2
1,2,0.73282,0.20161,0.23787,0.16667,0.80451,0.24762,0.17383,0.4359,1,0.63636,0.13438,0.47436,0.72115,3
0.027471,0.34328,0.78626,0.30645,0.24239,0.42593,0.92481,0.39048,0.17446,0.53846,1,0.7438,0.14936,0.5,0.77885,3
0.018815,0.50746,0.90076,0.40323,0.29654,0.55556,0.96992,0.50476,0.15535,0.75641,1,0.86777,0.16144,0.62821,0.79808,3
0.016436,0.35821,0.9771,0.57258,0.54919,0.53704,1,0.64762,0.22903,0.71795,1,0.87603,0.21838,0.74359,0.89423,3
0.02702,0.26866,1,0.78226,0.62979,0.55556,1,0.90476,0.30651,0.66667,1,0.92562,0.27826,0.79487,0.99038,3
0.034015,0.40299,0.98473,0.78226,0.50655,0.62963,0.99248,0.85714,0.29167,0.5641,1,0.89256,0.26694,0.76923,0.95192,3
0.025117,0.46269,0.9084,0.57258,0.36972,0.61111,0.96992,0.58095,0.19652,0.5,1,0.7438,0.16764,0.85897,0.84615,3
0.04773,0.46269,0.69466,0.26613,0.20038,0.53704,0.83459,0.41905,0.12524,0.4359,0.95313,0.63636,0.08643,0.69231,0.60577,3
0.13753,0.46269,0.58015,0.080645,0.15202,0.44444,0.73684,0.27619,0.11791,0.35897,0.9375,0.59504,0.069225,0.39744,0.43269,1
1,2,0.63359,0.072581,0.14426,0.53704,0.77444,0.30476,0.11023,0.42308,0.92188,0.66942,0.063054,0.42308,0.43269,1
0.027471,0.34328,0.58779,0.10484,0.15327,0.61111,0.77444,0.29524,0.11295,0.39744,0.85938,0.55372,0.073788,0.34615,0.41346,1
0.018815,0.50746,0.45038,0.072581,0.15227,0.31481,0.7594,0.15238,0.12688,0.32051,0.84375,0.46281,0.077155,0.29487,0.34615,1
0.016436,0.35821,0.26718,0.024194,0.094485,0.2963,0.58647,0.066667,0.14198,0.28205,0.84375,0.46281,0.090274,0.25641,0.29808,1
0.02702,0.26866,0.22137,0,0.037113,0.5,0.38346,0.0095238,0.12402,0.29487,0.84375,0.47107,0.080982,0.15385,0.30769,1
0.034015,0.40299,0.31298,0.0080645,0.025206,0.66667,0.4812,0,0.11279,0.26923,0.75,0.49587,0.071874,0.23077,0.35577,1
0.025117,0.46269,0.29771,0.0080645,0.021166,0.66667,0.3985,0,0.087591,0.42308,0.82813,0.42975,0.0636,0.32051,0.36538,1
0.04773,0.46269,0.12214,0,0.0053493,0.42593,0.14286,0,0.060749,0.47436,0.85938,0.33884,0.033914,0.29487,0.14423,2
0.13753,0.46269,0.038168,0,0.010167,0.31481,0.16541,0,0.060538,0.29487,0.64063,0.21488,0.037167,0.19231,0.028846,2
1,2,0.091603,0,0.013025,0.48148,0.21053,0,0.052022,0.30769,0.67188,0.21488,0.043172,0.25641,0.23077,2
0.027471,0.34328,0.14504,0,0.013655,0.37037,0.22556,0,0.039489,0.47436,0.60938,0.27273,0.034799,0.25641,0.22115,2
0.018815,0.50746,0.10687,0,0.011117,0.35185,0.21053,0,0.030952,0.5,0.46875,0.28099,0.023537,0.32051,0.17308,2
0.016436,0.35821,0.061069,0,0.0052867,0.57407,0.19549,0,0.039225,0.32051,0.54688,0.2314,0.029369,0.37179,0.22115,2
0.02702,0.26866,0.14504,0,0.0045594,0.38889,0.15789,0,0.035901,0.33333,0.71875,0.21488,0.030363,0.33333,0.19231,2
0.034015,0.40299,0.23664,0.0080645,0.0038516,0.46296,0.17293,0,0.049793,0.39744,0.82813,0.29752,0.040368,0.39744,0.31731,2
0.025117,0.46269,0.43511,0.096774,0.081103,0.5,0.43609,0.047619,0.095093,0.39744,0.89063,0.38843,0.1065,0.47436,0.53846,3
0.04773,0.46269,0.63359,0.18548,0.21479,0.33333,0.69173,0.19048,0.11299,0.34615,0.98438,0.50413,0.13809,0.39744,0.48077,3
0.13753,0.46269,0.82443,0.30645,0.28523,0.37037,0.79699,0.28571,0.14149,0.48718,1,0.63636,0.17938,0.42308,0.66346,3
1,2,0.92366,0.46774,0.28595,0.42593,0.84962,0.38095,0.14366,0.75641,0.98438,0.79339,0.19879,0.65385,0.88462,3
0.027471,0.34328,0.9542,0.56452,0.33973,0.62963,0.93233,0.58095,0.11813,0.57692,0.96875,0.75207,0.19319,0.74359,0.89423,3
0.018815,0.50746,1,0.6129,0.39733,0.74074,1,0.78095,0.13617,0.46154,1,0.66116,0.21578,0.71795,0.96154,3
0.016436,0.35821,0.99237,0.69355,0.42796,0.62963,1,0.77143,0.14527,0.58974,1,0.73554,0.19799,0.84615,0.96154,3
0.02702,0.26866,0.99237,0.75,0.4721,0.53704,1,0.74286,0.16415,0.55128,1,0.8595,0.2147,0.76923,0.97115,3
0.034015,0.40299,1,0.78226,0.56931,0.7037,1,0.94286,0.17316,0.60256,1,0.86777,0.2323,0.64103,0.98077,3
0.025117,0.46269,1,0.79839,0.5999,0.83333,1,0.98095,0.17471,0.78205,1,0.86777,0.21932,0.74359,0.96154,3
0.04773,0.46269,0.9771,0.69355,0.48705,0.81481,1,0.88571,0.15775,0.83333,1,0.83471,0.18386,0.79487,0.93269,3
0.13753,0.46269,0.91603,0.6129,0.40056,0.90741,1,0.8381,0.11241,0.80769,1,0.65289,0.13173,0.75641,0.80769,3
1,2,0.89313,0.59677,0.34805,0.92593,1,0.8,0.10202,0.61538,1,0.61157,0.10134,0.75641,0.74038,3
0.027471,0.34328,0.72519,0.39516,0.25024,0.74074,0.91729,0.59048,0.093674,0.44872,0.96875,0.61983,0.076104,0.64103,0.60577,3
0.018815,0.50746,0.61832,0.18548,0.22882,0.62963,0.8797,0.3619,0.067128,0.46154,0.92188,0.47934,0.056727,0.48718,0.45192,3
0.016436,0.35821,0.65649,0.16129,0.23936,0.59259,0.85714,0.28571,0.077769,0.53846,0.9375,0.4876,0.069616,0.35897,0.49038,3
0.02702,0.26866,0.42748,0.080645,0.1697,0.62963,0.70677,0.18095,0.097194,0.4359,0.85938,0.47107,0.06368,0.29487,0.41346,1
0.034015,0.40299,0.32824,0.040323,0.13357,0.61111,0.66165,0.24762,0.095088,0.28205,0.875,0.38017,0.053308,0.42308,0.375,1
0.025117,0.46269,0.54198,0.064516,0.14524,0.35185,0.72932,0.25714,0.10718,0.24359,0.875,0.33058,0.075644,0.33333,0.42308,1
0.04773,0.46269,0.64885,0.12097,0.17047,0.51852,0.82707,0.24762,0.13989,0.25641,0.85938,0.41322,0.098388,0.19231,0.41346,1
0.13753,0.46269,0.54198,0.072581,0.14304,0.75926,0.81203,0.2381,0.13011,0.26923,0.8125,0.35537,0.098497,0.076923,0.27885,1
1,2,0.41985,0,0.11391,0.61111,0.66165,0.12381,0.09189,0.24359,0.71875,0.21488,0.073684,0.064103,0.28846,1
0.027471,0.34328,0.41221,0.0080645,0.10743,0.57407,0.59398,0.12381,0.067975,0.33333,0.76563,0.29752,0.051613,0.23077,0.30769,1
0.018815,0.50746,0.39695,0.016129,0.09075,0.61111,0.61654,0.14286,0.060721,0.28205,0.73438,0.31405,0.049062,0.30769,0.27885,1
0.016436,0.35821,0.34351,0.016129,0.062107,0.35185,0.49624,0.085714,0.082182,0.12821,0.70313,0.27273,0.064238,0.25641,0.42308,1
0.02702,0.26866,0.37405,0.016129,0.064313,0.37037,0.47368,0.047619,0.086768,0.076923,0.57813,0.23967,0.071104,0.24359,0.40385,1
0.034015,0.40299,0.42748,0.016129,0.063523,0.51852,0.50376,0.047619,0.085137,0.051282,0.67188,0.23967,0.07319,0.24359,0.31731,1
0.025117,0.46269,0.41985,0.024194,0.085315,0.35185,0.52632,0.047619,0.11209,0.19231,0.82813,0.33058,0.1061,0.28205,0.38462,1
0.04773,0.46269,0.37405,0.024194,0.1056,0.25926,0.55639,0.085714,0.1211,0.35897,0.84375,0.42149,0.12643,0.30769,0.34615,1
0.13753,0.46269,0.32824,0.0080645,0.080361,0.22222,0.42857,0.047619,0.095355,0.38462,0.90625,0.44628,0.08909,0.23077,0.27885,1
0.047288,0.38806,0.28244,0,0.064489,0.33333,0.28571,0.0095238,0.068644,0.32051,0.76563,0.29752,0.045482,0.25641,0.36538,1
0.027763,0.43284,0.24427,0,0.046709,0.5,0.26316,0.019048,0.041342,0.38462,0.53125,0.26446,0.026565,0.47436,0.35577,1
0.043439,0.35821,0.23664,0,0.054091,0.40741,0.44361,0.028571,0.046848,0.41026,0.59375,0.29752,0.037322,0.41026,0.32692,2
0.055543,0.13433,0.24427,0,0.061036,0.35185,0.47368,0.019048,0.06019,0.34615,0.65625,0.26446,0.050814,0.16667,0.29808,2
0.052371,0.089552,0.16031,0.0080645,0.051045,0.35185,0.3985,0.0095238,0.044483,0.35897,0.57813,0.23967,0.044947,0.23077,0.28846,2
0.043172,0.28358,0.1374,0,0.039154,0.16667,0.24812,0.028571,0.030639,0.39744,0.5,0.20661,0.029737,0.24359,0.26923,2
0.035209,0.35821,0.24427,0,0.038297,0.22222,0.2406,0.047619,0.037299,0.32051,0.4375,0.22314,0.02626,0.19231,0.17308,2
0.041603,0.16418,0.21374,0,0.042032,0.44444,0.33835,0.019048,0.046727,0.35897,0.5625,0.22314,0.037833,0.30769,0.26923,2
0.043798,0.29851,0.29771,0,0.036753,0.42593,0.36842,0.0095238,0.042852,0.35897,0.60938,0.17355,0.036518,0.29487,0.35577,2
0.04258,0.43284,0.32061,0,0.041351,0.18519,0.43609,0.0095238,0.051724,0.24359,0.46875,0.16529,0.034616,0.33333,0.29808,2
0.035501,0.47761,0.26718,0,0.041332,0.18519,0.3609,0.0095238,0.046654,0.29487,0.40625,0.20661,0.033771,0.28205,0.13462,2
0.03975,0.40299,0.33588,0,0.041985,0.42593,0.37594,0.047619,0.053088,0.29487,0.5,0.18182,0.042298,0.076923,0.15385,2
0.053915,0.32836,0.39695,0.016129,0.049852,0.40741,0.36842,0.028571,0.064081,0.25641,0.53125,0.17355,0.061364,0.14103,0.25,2
0.053932,0.37313,0.35115,0.016129,0.048804,0.33333,0.33083,0.0095238,0.054141,0.24359,0.59375,0.2314,0.056216,0.33333,0.27885,2
0.076119,0.31343,0.31298,0.016129,0.051534,0.37037,0.40602,0.019048,0.1057,0.24359,0.875,0.32231,0.093595,0.29487,0.40385,2
0.099508,0.25373,0.37405,0.024194,0.041238,0.42593,0.44361,0.038095,0.15401,0.25641,0.96875,0.45455,0.12814,0.15385,0.44231,2
0.081036,0.26866,0.38931,0.024194,0.022519,0.55556,0.44361,0.047619,0.16546,0.34615,0.98438,0.67769,0.11347,0.26923,0.49038,2
0.12944,0.25373,0.49618,0.024194,0.029531,0.72222,0.46617,0.028571,0.22645,0.26923,0.98438,0.73554,0.18862,0.23077,0.72115,2
0.29383,0.28358,0.70229,0.10484,0.079774,0.90741,0.66917,0.13333,0.42034,0.25641,0.98438,0.75207,0.38605,0.12821,0.93269,1
0.41313,0.29851,0.85496,0.20968,0.13001,0.68519,0.83459,0.2381,0.53797,0.4359,1,0.85124,0.49955,0.26923,0.99038,1
0.30215,0.41791,0.77099,0.23387,0.11583,0.62963,0.74436,0.2,0.40711,0.52564,1,0.8843,0.35975,0.41026,0.92308,1
0.23836,0.47761,0.73282,0.24194,0.097417,0.87037,0.71429,0.19048,0.37879,0.5,1,0.89256,0.32115,0.37179,0.93269,1
0.39177,0.40299,0.89313,0.34677,0.14638,1,0.87218,0.3619,0.57347,0.37179,1,0.85124,0.50934,0.30769,1,1
0.55839,0.37313,0.96183,0.40323,0.20028,0.87037,0.96992,0.49524,0.74582,0.32051,1,0.80165,0.68471,0.28205,1,1
0.67289,0.23881,0.98473,0.37903,0.23974,0.59259,0.96992,0.45714,0.87515,0.30769,1,0.7686,0.83128,0.14103,1,1
0.67974,0.14925,0.96183,0.37097,0.26236,0.5,0.94737,0.45714,0.87724,0.33333,1,0.79339,0.84516,0.064103,1,1
0.5715,0.1194,0.94656,0.30645,0.22487,0.48148,0.92481,0.45714,0.73381,0.30769,1,0.84298,0.70949,0.12821,1,3
0.44432,0.32836,0.90076,0.28226,0.16676,0.74074,0.88722,0.38095,0.59675,0.24359,1,0.79339,0.57429,0.20513,1,3
0.43991,0.29851,0.84733,0.21774,0.15905,0.7963,0.87218,0.29524,0.55959,0.19231,0.98438,0.71901,0.56303,0.20513,1,3
0.35232,0.22388,0.82443,0.1371,0.12459,0.72222,0.78947,0.25714,0.44825,0.32051,0.98438,0.75207,0.44694,0.33333,0.95192,3
0.19665,0.34328,0.64122,0.08871,0.067058,0.64815,0.58647,0.17143,0.29345,0.4359,0.98438,0.79339,0.24892,0.39744,0.78846,3
0.1471,0.23881,0.43511,0.072581,0.052766,0.5,0.45113,0.095238,0.24716,0.35897,0.96875,0.61983,0.18117,0.33333,0.60577,3
0.11592,0.1791,0.35878,0.064516,0.041793,0.53704,0.32331,0.047619,0.18849,0.25641,0.89063,0.43802,0.13489,0.24359,0.49038,3
0.09758,0.23881,0.38168,0.032258,0.036749,0.46296,0.36842,0.047619,0.14073,0.24359,0.82813,0.3719,0.10855,0.28205,0.47115,3
0.062822,0.26866,0.33588,0.0080645,0.023986,0.27778,0.33835,0.028571,0.08457,0.28205,0.79688,0.30579,0.058313,0.33333,0.29808,2
0.043348,0.20896,0.18321,0,0.016462,0.35185,0.27068,0,0.063948,0.21795,0.59375,0.22314,0.043183,0.15385,0.13462,2
0.034433,0.20896,0.12214,0,0.015802,0.40741,0.28571,0,0.067933,0.20513,0.5,0.18182,0.055003,0.16667,0.15385,2
0.020443,0.1194,0.045802,0,0.010652,0.27778,0.16541,0,0.043375,0.29487,0.42188,0.15702,0.03238,0.25641,0.10577,2
0.018389,0.044776,0.045802,0,0.0023892,0.37037,0.15789,0,0.02814,0.29487,0.21875,0.099174,0.025174,0.21795,0.028846,2
0.021736,0,0.015267,0,0.0037461,0.46296,0.23308,0,0.028093,0.30769,0.17188,0.07438,0.022962,0.26923,0.019231,2
0.0249,0.059701,0.022901,0,0.012255,0.22222,0.21053,0,0.023411,0.23077,0.29688,0.082645,0.026576,0.23077,0.057692,2
0.13403,0.074627,0.33588,0.032258,0.045958,0.12963,0.28571,0.028571,0.19616,0.10256,0.6875,0.30579,0.18185,0.10256,0.36538,2
0.20571,0.16418,0.52672,0.064516,0.066362,0.59259,0.50376,0.066667,0.31861,0.24359,1,0.63636,0.26914,0.21795,0.75962,1
0.22347,0.29851,0.51908,0.12097,0.070041,0.77778,0.58647,0.12381,0.33913,0.26923,1,0.69421,0.29062,0.26923,0.83654,1
0.2724,0.28358,0.61069,0.1129,0.080599,0.7037,0.64662,0.13333,0.38705,0.33333,1,0.71074,0.36676,0.20513,0.89423,1
0.32057,0.25373,0.74809,0.12097,0.09967,0.66667,0.69925,0.10476,0.43699,0.41026,1,0.7686,0.43155,0.21795,0.96154,1
0.40591,0.14925,0.82443,0.16129,0.13612,0.62963,0.73684,0.2,0.55906,0.25641,1,0.72727,0.52767,0.16667,1,1
0.42122,0.1194,0.80916,0.15323,0.14426,0.48148,0.75188,0.21905,0.59913,0.25641,1,0.7686,0.55301,0.14103,0.99038,1
0.427,0.23881,0.85496,0.23387,0.14308,0.51852,0.73684,0.15238,0.6131,0.30769,1,0.79339,0.57789,0.19231,0.99038,1
0.48939,0.26866,0.9084,0.25806,0.15908,0.68519,0.81203,0.20952,0.66353,0.25641,1,0.76033,0.63873,0.23077,1,1
0.48905,0.26866,0.90076,0.30645,0.16148,0.7037,0.89474,0.40952,0.692,0.17949,1,0.80992,0.63809,0.26923,1,1
0.42894,0.35821,0.90076,0.29839,0.13496,0.7037,0.85714,0.35238,0.60606,0.19231,1,0.79339,0.55902,0.24359,1,1
0.37003,0.29851,0.82443,0.16935,0.10964,0.64815,0.75188,0.22857,0.45994,0.26923,1,0.78512,0.4572,0.25641,0.98077,1
0.34189,0.28358,0.83206,0.16129,0.10866,0.61111,0.74436,0.27619,0.402,0.21795,1,0.87603,0.42578,0.25641,0.98077,1
0.37009,0.20896,0.82443,0.19355,0.11858,0.53704,0.7594,0.24762,0.46087,0.11538,1,0.68595,0.47404,0.12821,0.96154,1
0.34003,0.26866,0.78626,0.17742,0.10929,0.74074,0.75188,0.18095,0.4484,0.17949,1,0.63636,0.42441,0.19231,0.91346,1
0.30314,0.43284,0.77099,0.18548,0.11224,0.68519,0.75188,0.14286,0.36363,0.34615,1,0.7438,0.35619,0.35897,0.86538,1
0.34257,0.25373,0.76336,0.16129,0.12072,0.55556,0.70677,0.11429,0.43134,0.26923,1,0.71901,0.42817,0.28205,0.86538,1
0.30981,0.23881,0.80153,0.1129,0.097695,0.66667,0.68421,0.10476,0.40844,0.34615,1,0.71901,0.39784,0.24359,0.875,3
0.2366,0.19403,0.59542,0.064516,0.075563,0.55556,0.57895,0.095238,0.26272,0.39744,0.98438,0.58678,0.2618,0.28205,0.74038,3
0.14042,0.074627,0.32824,0.032258,0.046931,0.42593,0.39098,0.038095,0.1483,0.28205,0.85938,0.40496,0.14224,0.34615,0.5,3
0.075602,0.20896,0.35115,0.024194,0.027775,0.44444,0.33835,0.0095238,0.097952,0.35897,0.78125,0.34711,0.075512,0.35897,0.38462,3
0.081712,0.20896,0.32061,0.016129,0.022758,0.40741,0.27068,0.019048,0.11204,0.26923,0.75,0.31405,0.080396,0.24359,0.25,3
0.052112,0.20896,0.19084,0,0.013565,0.31481,0.28571,0,0.083786,0.15385,0.67188,0.23967,0.061152,0.17949,0.15385,3
0.079183,0.26866,0.32061,0,0.038423,0.27778,0.43609,0,0.064152,0.23077,0.64063,0.19835,0.065634,0.17949,0.21154,3
0.098816,0.23881,0.37405,0,0.060332,0.31481,0.43609,0.0095238,0.06353,0.24359,0.625,0.18182,0.071863,0.11538,0.13462,3
0.066286,0.19403,0.29008,0,0.042642,0.2963,0.36842,0.0095238,0.04724,0.23077,0.54688,0.13223,0.049291,0.14103,0.11538,3
0.072997,0.13433,0.24427,0,0.050908,0.2037,0.36842,0.028571,0.031336,0.24359,0.42188,0.099174,0.030041,0.20513,0.15385,3
0.086378,0.1194,0.21374,0,0.072634,0.11111,0.34586,0.028571,0.028634,0.24359,0.29688,0.082645,0.025226,0.21795,0.14423,3
0.076537,0.19403,0.27481,0,0.049755,0.31481,0.38346,0,0.030437,0.25641,0.4375,0.14876,0.030323,0.26923,0.27885,3
0.055384,0.16418,0.29008,0,0.03129,0.38889,0.36842,0.0095238,0.034569,0.21795,0.45313,0.14876,0.035454,0.23077,0.27885,3
0.040242,0.1791,0.25191,0.0080645,0.034723,0.35185,0.38346,0.0095238,0.026871,0.15385,0.1875,0.066116,0.022675,0.28205,0.18269,3
0.029616,0.28358,0.15267,0.0080645,0.034899,0.38889,0.41353,0,0.0098514,0.19231,0.15625,0.041322,0.0035799,0.39744,0.067308,3
0.021044,0.32836,0.19847,0,0.0078636,0.31481,0.23308,0,0.012438,0.62821,0.6875,0.27273,0.017635,0.47436,0.33654,2
0.035017,0.20896,0.20611,0,0.025495,0.25926,0.34586,0,0.027994,0.48718,0.64063,0.28926,0.020261,0.52564,0.30769,2
0.030877,0.22388,0.12977,0,0.034117,0.12963,0.36842,0,0.030631,0.5641,0.54688,0.33058,0.019296,0.55128,0.28846,2
0.042029,0.1791,0.16031,0,0.03486,0.22222,0.43609,0,0.020735,0.62821,0.57813,0.30579,0.021813,0.30769,0.23077,2
0.057438,0.22388,0.25191,0,0.036209,0.2963,0.42105,0,0.018561,0.65385,0.59375,0.32231,0.030811,0.21795,0.29808,2
0.065485,0.25373,0.29008,0.016129,0.052375,0.25926,0.3985,0.028571,0.02681,0.60256,0.5625,0.35537,0.033466,0.30769,0.33654,2
0.071528,0.089552,0.27481,0.016129,0.056011,0.2037,0.3985,0.028571,0.045957,0.41026,0.70313,0.35537,0.045568,0.23077,0.29808,2
0.10245,0.28358,0.41985,0.032258,0.088971,0.18519,0.51128,0.057143,0.079616,0.29487,0.8125,0.35537,0.079413,0.24359,0.31731,2
0.16923,0.56716,0.67939,0.12097,0.18803,0.2037,0.69173,0.1619,0.092582,0.38462,0.85938,0.47107,0.11045,0.42308,0.45192,3
0.23279,0.52239,0.75573,0.20968,0.27427,0.27778,0.79699,0.27619,0.091252,0.48718,0.96875,0.55372,0.11275,0.4359,0.59615,3
0.34795,0.58209,0.81679,0.39516,0.41827,0.33333,0.91729,0.48571,0.13306,0.48718,1,0.60331,0.14573,0.51282,0.74038,3
0.36969,0.80597,0.84733,0.53226,0.42964,0.62963,0.99248,0.67619,0.19865,0.46154,1,0.71074,0.18768,0.5641,0.85577,3
0.38383,0.77612,0.9084,0.60484,0.40036,0.7963,1,0.8381,0.1955,0.58974,1,0.84298,0.17969,0.70513,0.88462,3
0.46107,0.67164,0.99237,0.71774,0.47376,0.62963,1,0.81905,0.18237,0.67949,1,0.90909,0.18529,0.76923,0.89423,3
0.46419,0.74627,0.99237,0.67742,0.40731,0.77778,1,0.74286,0.19683,0.70513,1,0.90909,0.19004,0.66667,0.85577,3
0.42819,0.8806,0.91603,0.66129,0.36982,0.7963,0.93985,0.72381,0.21769,0.64103,1,0.85124,0.1885,0.62821,0.91346,3
0.32637,0.74627,0.82443,0.46774,0.33936,0.57407,0.87218,0.60952,0.19896,0.60256,1,0.84298,0.15385,0.74359,0.82692,1
0.20593,0.68657,0.73282,0.22581,0.21802,0.7037,0.86466,0.54286,0.15441,0.71795,1,0.86777,0.10438,0.65385,0.625,1
0.14641,0.65672,0.59542,0.08871,0.14833,0.72222,0.76692,0.32381,0.1335,0.60256,0.98438,0.76033,0.092819,0.42308,0.625,1
0.13414,0.32836,0.48855,0.040323,0.12219,0.42593,0.61654,0.10476,0.11794,0.30769,0.96875,0.55372,0.097853,0.37179,0.57692,1
0.11409,0.22388,0.41221,0.024194,0.088967,0.31481,0.54135,0.047619,0.15041,0.19231,0.9375,0.53719,0.11645,0.33333,0.48077,1
0.097263,0.31343,0.38931,0.016129,0.0675,0.31481,0.46617,0.057143,0.17516,0.29487,0.95313,0.66942,0.11394,0.28205,0.45192,1
0.095151,0.23881,0.41985,0.032258,0.056418,0.2963,0.42857,0.07619,0.18611,0.23077,0.98438,0.57851,0.12067,0.23077,0.49038,1
0.11195,0.20896,0.44275,0.016129,0.051729,0.5,0.45113,0.066667,0.20693,0.37179,0.98438,0.60331,0.14955,0.24359,0.59615,1
0.12692,0.16418,0.43511,0.016129,0.057083,0.61111,0.4812,0.047619,0.19993,0.51282,1,0.67769,0.16176,0.16667,0.54808,2
0.085794,0.35821,0.42748,0.016129,0.051784,0.35185,0.45865,0.0095238,0.13587,0.39744,0.875,0.5124,0.10051,0.21795,0.46154,2
0.059141,0.37313,0.37405,0.016129,0.047811,0.16667,0.42105,0.0095238,0.085801,0.5641,0.875,0.52893,0.055469,0.29487,0.46154,2
0.053081,0.25373,0.34351,0.016129,0.04769,0.14815,0.43609,0.0095238,0.072085,0.64103,0.96875,0.63636,0.057118,0.29487,0.31731,2
0.053631,0.37313,0.34351,0.016129,0.045262,0.2037,0.43609,0.0095238,0.063519,0.53846,0.92188,0.56198,0.052481,0.38462,0.21154,2
0.067129,0.26866,0.32061,0.024194,0.046974,0.31481,0.42857,0.0095238,0.066773,0.4359,0.84375,0.42975,0.063807,0.30769,0.35577,2
0.054266,0.14925,0.25191,0.0080645,0.041269,0.2037,0.3985,0,0.065764,0.35897,0.71875,0.35537,0.05282,0.20513,0.36538,2
0.054792,0.10448,0.22901,0,0.042474,0.18519,0.32331,0,0.078129,0.37179,0.76563,0.34711,0.053843,0.17949,0.29808,2
0.10616,0.20896,0.41221,0.0080645,0.11992,0.2963,0.49624,0.0095238,0.086849,0.39744,0.90625,0.39669,0.085039,0.20513,0.40385,3
0.15539,0.29851,0.50382,0.024194,0.20246,0.24074,0.72932,0.047619,0.11622,0.28205,0.9375,0.42975,0.1038,0.29487,0.51923,3
0.21084,0.34328,0.61069,0.1371,0.25931,0.22222,0.7594,0.14286,0.16422,0.28205,0.96875,0.4876,0.13539,0.34615,0.63462,3
0.25281,0.41791,0.80153,0.22581,0.31367,0.53704,0.82707,0.44762,0.14965,0.25641,0.95313,0.52066,0.13989,0.32051,0.56731,3
0.28363,0.37313,0.80153,0.28226,0.3961,0.62963,0.90977,0.62857,0.13234,0.37179,0.95313,0.60331,0.12986,0.38462,0.5,3
0.33233,0.52239,0.81679,0.39516,0.44419,0.51852,0.96992,0.58095,0.12553,0.60256,0.98438,0.68595,0.12923,0.58974,0.67308,3
0.35073,0.67164,0.90076,0.41129,0.40476,0.51852,0.96992,0.52381,0.11195,0.57692,0.96875,0.66116,0.12587,0.92308,0.78846,3
0.38841,0.62687,0.94656,0.56452,0.39024,0.5,0.96241,0.64762,0.107,0.58974,0.98438,0.78512,0.14652,0.92308,0.88462,3
0.46348,0.67164,0.9542,0.70968,0.44845,0.5,0.99248,0.77143,0.12637,0.61538,1,0.8595,0.17567,0.70513,0.94231,3
0.52267,0.71642,0.91603,0.68548,0.4225,0.66667,0.96992,0.7619,0.14059,0.79487,1,0.8595,0.17689,0.67949,0.86538,3
0.51087,0.70149,0.92366,0.64516,0.40139,0.68519,0.96241,0.73333,0.13986,0.85897,1,0.85124,0.16057,0.65385,0.84615,3
0.41685,0.92537,0.96947,0.66129,0.42386,0.62963,0.99248,0.70476,0.15197,0.82051,1,0.82645,0.16283,0.83333,0.95192,3
0.36878,0.9403,0.96183,0.57258,0.35418,0.7963,1,0.74286,0.14514,1,0.98438,0.92562,0.13748,0.82051,0.89423,3
0.32788,0.79104,0.90076,0.41935,0.29052,0.72222,0.98496,0.6,0.11925,0.94872,0.98438,0.96694,0.090061,0.67949,0.68269,3
0.22502,0.68657,0.74809,0.25806,0.21537,0.55556,0.85714,0.26667,0.11051,0.70513,1,0.75207,0.071633,0.60256,0.51923,3
0.15548,0.46269,0.62595,0.1371,0.17803,0.51852,0.74436,0.15238,0.1194,0.55128,0.98438,0.64463,0.067766,0.39744,0.5,3
0.14035,0.19403,0.64122,0.08871,0.1634,0.22222,0.71429,0.15238,0.1164,0.39744,0.9375,0.57025,0.076569,0.24359,0.44231,1
0.14152,0.1194,0.55725,0.032258,0.12951,0.40741,0.72932,0.15238,0.1212,0.32051,0.89063,0.47107,0.091716,0.19231,0.29808,1
0.11735,0.31343,0.51908,0.0080645,0.12861,0.51852,0.68421,0.12381,0.11521,0.34615,0.92188,0.47934,0.078965,0.15385,0.27885,1
0.11679,0.34328,0.52672,0.040323,0.14878,0.25926,0.65414,0.10476,0.11412,0.30769,0.98438,0.52066,0.078006,0.17949,0.40385,1
0.13881,0.34328,0.44275,0.064516,0.16385,0.2963,0.71429,0.17143,0.11401,0.33333,0.96875,0.54545,0.087131,0.29487,0.43269,1
0.11926,0.37313,0.44275,0.032258,0.13988,0.38889,0.6391,0.17143,0.097121,0.4359,0.95313,0.49587,0.079643,0.26923,0.375,1
0.086027,0.19403,0.38168,0.0080645,0.10716,0.40741,0.57143,0.12381,0.097027,0.33333,0.92188,0.44628,0.067921,0.25641,0.36538,1
0.099266,0.1791,0.38168,0.016129,0.12405,0.37037,0.59398,0.14286,0.096089,0.21795,0.89063,0.46281,0.070593,0.44872,0.375,1
0.11591,0.23881,0.48092,0.016129,0.12654,0.33333,0.58647,0.10476,0.084202,0.32051,0.95313,0.54545,0.080333,0.48718,0.46154,1
0.1204,0.19403,0.46565,0.016129,0.11276,0.24074,0.57143,0.066667,0.089624,0.4359,1,0.55372,0.084493,0.41026,0.54808,1
0.10665,0.28358,0.45802,0.016129,0.092963,0.24074,0.59398,0.047619,0.10043,0.28205,0.96875,0.42975,0.083827,0.33333,0.52885,1
0.087046,0.23881,0.34351,0.0080645,0.075649,0.27778,0.54887,0,0.092206,0.24359,0.89063,0.32231,0.071869,0.25641,0.39423,1
0.085869,0.34328,0.33588,0.0080645,0.073349,0.2963,0.46617,0,0.082109,0.48718,0.89063,0.38843,0.066783,0.29487,0.31731,1
0.09182,0.41791,0.35878,0.024194,0.067382,0.25926,0.45865,0.019048,0.09807,0.34615,0.84375,0.36364,0.076115,0.25641,0.30769,1
0.12004,0.28358,0.36641,0.024194,0.06608,0.25926,0.48872,0.019048,0.12318,0.17949,0.8125,0.38843,0.10654,0.076923,0.35577,1
0.097764,0.29851,0.36641,0,0.058596,0.2037,0.45113,0,0.10469,0.42308,0.84375,0.4876,0.09413,0.26923,0.39423,1
0.06187,0.1791,0.30534,0,0.051225,0.25926,0.48872,0,0.07064,0.37179,0.73438,0.43802,0.055992,0.35897,0.35577,2
0.070769,0.22388,0.34351,0,0.053759,0.2037,0.44361,0,0.053846,0.28205,0.64063,0.28926,0.055572,0.064103,0.19231,2
0.078481,0.34328,0.36641,0.0080645,0.061024,0.16667,0.48872,0.0095238,0.059738,0.29487,0.59375,0.20661,0.058388,0.076923,0.20192,2
0.058606,0.26866,0.27481,0.0080645,0.048249,0.2963,0.45113,0.0095238,0.069715,0.29487,0.6875,0.2562,0.051234,0.12821,0.31731,2
0.041845,0.28358,0.14504,0.016129,0.042528,0.2963,0.35338,0,0.052228,0.26923,0.64063,0.2314,0.033782,0.25641,0.28846,2
0.049667,0.25373,0.22137,0.016129,0.040784,0.2963,0.38346,0,0.044201,0.30769,0.59375,0.19008,0.039126,0.33333,0.26923,2
0.071086,0.1791,0.29771,0,0.031185,0.38889,0.37594,0,0.069205,0.33333,0.71875,0.21488,0.062548,0.14103,0.23077,2
0.087789,0.10448,0.22901,0.0080645,0.03592,0.2963,0.36842,0.0095238,0.094824,0.25641,0.78125,0.31405,0.089636,0.11538,0.27885,2
0.083006,0.16418,0.22901,0.016129,0.037617,0.24074,0.3985,0.019048,0.10851,0.34615,0.89063,0.42149,0.11429,0.23077,0.28846,2
0.076662,0.10448,0.17557,0.016129,0.032952,0.22222,0.35338,0.019048,0.11684,0.34615,0.875,0.38843,0.10915,0.12821,0.32692,2
0.10661,0.10448,0.31298,0.024194,0.038669,0.24074,0.36842,0.028571,0.13561,0.33333,0.82813,0.42149,0.13084,0.038462,0.40385,2
0.13069,0.34328,0.51145,0.032258,0.060199,0.5,0.57895,0.066667,0.15043,0.41026,0.92188,0.60331,0.1434,0.12821,0.47115,2
0.17133,0.23881,0.55725,0.040323,0.078061,0.55556,0.6391,0.095238,0.22541,0.46154,1,0.76033,0.18962,0.19231,0.63462,2
0.27496,0.10448,0.66412,0.08871,0.10094,0.40741,0.64662,0.11429,0.35027,0.30769,1,0.76033,0.326,0.11538,0.875,2
0.34378,0.19403,0.70229,0.18548,0.11827,0.35185,0.67669,0.18095,0.42765,0.21795,1,0.71901,0.42737,0.16667,0.97115,2
0.49665,0.1791,0.83969,0.25,0.17095,0.40741,0.80451,0.26667,0.64868,0.20513,1,0.77686,0.61796,0.25641,1,2
0.7007,0.1791,0.98473,0.31452,0.23875,0.53704,0.96241,0.34286,0.9456,0.089744,1,0.80165,0.92205,0.16667,1,1
0.74056,0.23881,1,0.39516,0.26018,0.64815,1,0.46667,0.98491,0.14103,1,0.77686,1,0.25641,1,1
0.69996,0.28358,0.98473,0.41129,0.2466,0.75926,0.98496,0.50476,0.91995,0.26923,1,0.85124,0.9297,0.30769,1,1
0.60022,0.29851,0.93893,0.35484,0.19777,0.77778,0.90226,0.38095,0.79966,0.29487,1,0.85124,0.80428,0.25641,1,1
0.5003,0.26866,0.89313,0.30645,0.16649,0.62963,0.81955,0.26667,0.64741,0.28205,1,0.76033,0.65366,0.23077,0.99038,1
0.34029,0.14925,0.64122,0.17742,0.11976,0.51852,0.61654,0.14286,0.41395,0.33333,0.98438,0.57851,0.4082,0.16667,0.82692,1
0.19184,0.029851,0.35115,0.032258,0.06628,0.5,0.43609,0.047619,0.21916,0.30769,0.98438,0.40496,0.19168,0.15385,0.52885,1
0.14781,0.14925,0.36641,0.024194,0.059006,0.31481,0.41353,0.038095,0.18183,0.25641,0.95313,0.38017,0.14631,0.15385,0.44231,1
0.10117,0.29851,0.43511,0.0080645,0.051589,0.22222,0.37594,0.019048,0.12244,0.30769,0.82813,0.31405,0.097129,0.20513,0.34615,3
0.071136,0.1791,0.29008,0,0.03899,0.31481,0.38346,0.0095238,0.086481,0.24359,0.6875,0.22314,0.077942,0.20513,0.25962,3
0.04389,0.22388,0.21374,0.0080645,0.029953,0.35185,0.34586,0,0.07681,0.11538,0.6875,0.21488,0.053302,0.24359,0.32692,3
0.049575,0.47761,0.31298,0.0080645,0.042853,0.37037,0.31579,0,0.073062,0.25641,0.75,0.28099,0.040339,0.26923,0.36538,3
0.061895,0.40299,0.34351,0,0.052719,0.27778,0.32331,0,0.050273,0.37179,0.73438,0.2314,0.035081,0.24359,0.24038,3
0.06364,0.25373,0.29008,0,0.050341,0.31481,0.3985,0,0.043547,0.26923,0.5625,0.10744,0.034259,0.21795,0.18269,3
0.057254,0.16418,0.22137,0,0.057438,0.33333,0.44361,0.0095238,0.033978,0.19231,0.375,0.090909,0.031311,0.17949,0.19231,3
0.061136,0.1194,0.22901,0,0.094829,0.37037,0.46617,0.028571,0.023136,0.33333,0.32813,0.10744,0.024899,0.10256,0.096154,3
0.044817,0.1194,0.26718,0,0.082327,0.33333,0.44361,0.028571,0.023923,0.33333,0.32813,0.12397,0.01794,0.16667,0.10577,2
0.037112,0.20896,0.19084,0,0.051467,0.22222,0.47368,0.019048,0.015151,0.21795,0.1875,0.13223,0.020859,0.19231,0.076923,2
0.042012,0.38806,0.14504,0,0.060387,0.2963,0.53383,0.0095238,0.0083645,0.16667,0.17188,0.082645,0.020618,0.16667,0.067308,2
0.026394,0.23881,0.1145,0,0.054283,0.22222,0.47368,0.0095238,0.0076276,0.24359,0.26563,0.07438,0.017624,0.20513,0.15385,2
0.050284,0.089552,0.14504,0,0.042704,0.22222,0.3985,0.0095238,0.040514,0.24359,0.34375,0.10744,0.050251,0.089744,0.17308,2
0.085852,0.13433,0.27481,0,0.051342,0.22222,0.3985,0,0.086883,0.076923,0.45313,0.12397,0.075535,0.10256,0.21154,2
0.072772,0.074627,0.30534,0.0080645,0.05625,0.14815,0.40602,0,0.078803,0.10256,0.5,0.14876,0.055762,0.21795,0.28846,2
0.083824,0.10448,0.31298,0.0080645,0.044851,0.2037,0.35338,0.019048,0.13374,0.15385,0.67188,0.26446,0.098985,0.15385,0.43269,2
0.16494,0.029851,0.29771,0.016129,0.065279,0.22222,0.44361,0.038095,0.23396,0.12821,0.84375,0.33884,0.20772,0.089744,0.51923,1
0.16361,0.059701,0.38931,0.040323,0.063507,0.33333,0.52632,0.047619,0.2176,0.12821,0.89063,0.42975,0.19882,0.17949,0.57692,1
0.14993,0.26866,0.45038,0.032258,0.057524,0.42593,0.47368,0.057143,0.19786,0.19231,0.92188,0.54545,0.18754,0.20513,0.75,1
0.18368,0.34328,0.49618,0.032258,0.071621,0.59259,0.54887,0.066667,0.2663,0.20513,0.96875,0.61983,0.24168,0.17949,0.875,1
0.21776,0.50746,0.61832,0.12903,0.08892,0.66667,0.66917,0.1619,0.34058,0.33333,1,0.78512,0.29779,0.30769,0.94231,1
0.29603,0.40299,0.70229,0.15323,0.098786,0.62963,0.72932,0.15238,0.40543,0.35897,0.98438,0.81818,0.39029,0.28205,0.93269,1
0.4325,0.1791,0.80916,0.16129,0.14079,0.59259,0.77444,0.12381,0.53146,0.21795,0.98438,0.67769,0.53205,0.17949,0.96154,1
0.4769,0.26866,0.90076,0.27419,0.19344,0.61111,0.88722,0.39048,0.60117,0.39744,1,0.7438,0.56289,0.30769,1,1
0.45833,0.26866,0.92366,0.3629,0.19782,0.68519,0.94737,0.55238,0.67936,0.37179,1,0.86777,0.56605,0.28205,1,1
0.48353,0.28358,0.9313,0.31452,0.19382,0.77778,0.94737,0.46667,0.736,0.23077,1,0.76033,0.61267,0.16667,0.99038,1
0.46452,0.28358,0.90076,0.21774,0.18689,0.57407,0.90977,0.34286,0.58661,0.25641,1,0.7438,0.54684,0.15385,0.99038,1
0.48322,0.14925,0.89313,0.22581,0.19547,0.44444,0.90226,0.32381,0.57412,0.30769,1,0.8595,0.57213,0.15385,0.99038,1
0.45755,0.16418,0.8626,0.20161,0.18665,0.42593,0.90977,0.25714,0.57979,0.26923,1,0.7686,0.57863,0.16667,0.97115,1
0.52086,0.22388,0.84733,0.23387,0.19228,0.35185,0.92481,0.28571,0.63515,0.23077,1,0.70248,0.64308,0.17949,0.97115,1
0.52926,0.23881,0.8626,0.25806,0.19098,0.48148,0.88722,0.31429,0.62162,0.38462,0.98438,0.81818,0.61761,0.23077,0.96154,1
0.35023,0.1791,0.77863,0.17742,0.13875,0.44444,0.78947,0.2,0.43773,0.4359,0.98438,0.81818,0.4174,0.26923,0.95192,1
0.22727,0.14925,0.61832,0.096774,0.096315,0.35185,0.66917,0.13333,0.32545,0.39744,0.95313,0.65289,0.29319,0.28205,0.81731,3
0.16127,0.13433,0.58015,0.072581,0.08946,0.37037,0.66165,0.066667,0.23289,0.25641,0.95313,0.53719,0.19898,0.25641,0.70192,3
0.1502,0.22388,0.62595,0.072581,0.10568,0.2963,0.65414,0.07619,0.18022,0.33333,0.98438,0.56198,0.14399,0.28205,0.625,3
0.12194,0.29851,0.51908,0.040323,0.084861,0.31481,0.50376,0.066667,0.14564,0.32051,0.89063,0.43802,0.11403,0.19231,0.42308,3
0.080226,0.29851,0.37405,0.016129,0.054584,0.38889,0.44361,0.047619,0.13979,0.14103,0.84375,0.27273,0.09802,0.038462,0.40385,3
0.069091,0.31343,0.33588,0.0080645,0.049328,0.31481,0.41353,0.047619,0.13263,0.16667,0.79688,0.24793,0.089722,0.19231,0.49038,3
0.064491,0.29851,0.32824,0.0080645,0.060594,0.27778,0.42105,0.057143,0.11043,0.42308,0.75,0.27273,0.079844,0.23077,0.43269,3
0.064767,0.25373,0.34351,0,0.064496,0.14815,0.37594,0.038095,0.064758,0.41026,0.59375,0.2314,0.045758,0.24359,0.35577,3
0.080168,0.23881,0.37405,0,0.075199,0.055556,0.41353,0.038095,0.047368,0.20513,0.54688,0.23967,0.038569,0.29487,0.41346,3
0.090877,0.23881,0.41221,0,0.088396,0.2963,0.47368,0.047619,0.039999,0.23077,0.54688,0.22314,0.035552,0.20513,0.27885,3
0.063665,0.19403,0.29771,0,0.058584,0.57407,0.42857,0.038095,0.035611,0.29487,0.5625,0.26446,0.028737,0.29487,0.26923,3
0.032279,0.31343,0.21374,0,0.047103,0.5,0.46617,0.038095,0.027087,0.29487,0.54688,0.2562,0.023514,0.32051,0.31731,3
0.025209,0.43284,0.22137,0,0.044057,0.51852,0.46617,0.028571,0.010643,0.23077,0.375,0.15702,0.019417,0.24359,0.19231,3
0.028331,0.52239,0.22901,0,0.033457,0.53704,0.37594,0.028571,0,0.42308,0.28125,0.17355,0.014377,0.48718,0.23077,3
0.028322,0.38806,0.20611,0,0.027982,0.48148,0.35338,0.019048,0.0044998,0.39744,0.29688,0.14876,0.0061025,0.46154,0.18269,3
0.0096829,0.38806,0.22137,0,0.00091501,0.72222,0.33083,0,0.033419,0.66667,0.75,0.40496,0.012935,0.71795,0.18269,2
0.014124,0.52239,0.27481,0,0.00093065,0.68519,0.24812,0,0.03118,0.58974,0.71875,0.38017,0.019256,0.58974,0.17308,2
0.018915,0.44776,0.16794,0,0.0071871,0.62963,0.2406,0,0.03194,0.5,0.67188,0.40496,0.031593,0.33333,0.17308,2
0.029433,0.46269,0.23664,0.0080645,0.015336,0.53704,0.23308,0,0.037143,0.5641,0.79688,0.42975,0.029944,0.4359,0.25962,2
0.028256,0.43284,0.24427,0.0080645,0.015669,0.25926,0.18797,0,0.048868,0.55128,0.96875,0.39669,0.029771,0.5,0.33654,2
0.0298,0.28358,0.19084,0,0.02478,0.16667,0.25564,0,0.046555,0.48718,0.8125,0.36364,0.03188,0.35897,0.23077,2
0.044383,0.31343,0.32824,0,0.03687,0.31481,0.40602,0,0.055408,0.35897,0.71875,0.3719,0.034162,0.28205,0.16346,2
0.13054,0.43284,0.49618,0.056452,0.1172,0.2963,0.5188,0.047619,0.093998,0.30769,0.89063,0.38843,0.072621,0.41026,0.41346,2
0.24766,0.53731,0.71756,0.17742,0.2107,0.38889,0.76692,0.1619,0.138,0.5,0.98438,0.56198,0.1315,0.53846,0.69231,3
0.35744,0.64179,0.8855,0.35484,0.30897,0.44444,0.91729,0.37143,0.16584,0.64103,1,0.80165,0.19805,0.64103,0.83654,3
0.50529,0.8209,0.96183,0.59677,0.46692,0.40741,0.96992,0.60952,0.22384,0.61538,1,0.89256,0.25426,0.73077,0.96154,3
0.62227,0.8209,0.98473,0.77419,0.56211,0.33333,1,0.77143,0.26205,0.55128,1,0.87603,0.25784,0.74359,1,3
0.6738,0.59701,0.98473,0.83871,0.65478,0.38889,1,0.84762,0.25736,0.5641,1,0.90909,0.27681,0.80769,1,3
0.77432,0.68657,0.99237,0.87097,0.7019,0.53704,1,0.87619,0.25935,0.5641,0.98438,0.90909,0.29518,0.79487,1,3
0.71323,0.83582,0.99237,0.81452,0.63169,0.74074,1,0.8381,0.2402,0.61538,0.98438,0.89256,0.23844,0.83333,0.97115,3
0.44695,0.77612,0.91603,0.70968,0.48061,0.74074,1,0.80952,0.18819,0.65385,0.98438,0.86777,0.16439,0.92308,0.875,3
0.27494,0.56716,0.74809,0.39516,0.31651,0.59259,0.89474,0.52381,0.15309,0.34615,0.95313,0.73554,0.11633,0.65385,0.72115,1
0.21522,0.32836,0.64885,0.1371,0.27737,0.64815,0.82707,0.29524,0.13248,0.21795,0.9375,0.57851,0.10125,0.5,0.625,1
0.16519,0.31343,0.61069,0.12903,0.22704,0.64815,0.83459,0.35238,0.12843,0.41026,0.95313,0.57851,0.097819,0.52564,0.53846,1
0.13194,0.29851,0.52672,0.08871,0.15087,0.38889,0.7594,0.2381,0.16021,0.44872,0.96875,0.60331,0.098014,0.42308,0.42308,1
0.1816,0.34328,0.54198,0.12097,0.19039,0.40741,0.73684,0.19048,0.16499,0.29487,0.9375,0.47107,0.12538,0.26923,0.46154,1
0.16743,0.44776,0.53435,0.1129,0.1721,0.55556,0.74436,0.14286,0.14515,0.29487,0.92188,0.40496,0.12368,0.23077,0.55769,1
0.12606,0.49254,0.46565,0.056452,0.10893,0.40741,0.66917,0.066667,0.12201,0.28205,0.89063,0.38843,0.1062,0.26923,0.46154,1
0.11348,0.44776,0.45802,0.048387,0.10078,0.24074,0.5188,0.047619,0.11582,0.19231,0.89063,0.3719,0.09798,0.24359,0.36538,1
0.090852,0.31343,0.35878,0.048387,0.10394,0.2037,0.4812,0.028571,0.10824,0.32051,0.9375,0.42975,0.084206,0.25641,0.36538,2
0.077279,0.26866,0.32061,0.024194,0.11196,0.33333,0.56391,0.038095,0.091059,0.47436,0.9375,0.43802,0.061278,0.26923,0.375,2
0.063198,0.23881,0.29771,0,0.099286,0.27778,0.56391,0.028571,0.078542,0.39744,0.875,0.36364,0.04166,0.39744,0.39423,2
0.060493,0.1194,0.19084,0,0.074706,0.25926,0.53383,0.0095238,0.072307,0.26923,0.73438,0.2562,0.045591,0.24359,0.24038,2
0.066119,0.10448,0.23664,0,0.068641,0.37037,0.4812,0.028571,0.070805,0.20513,0.57813,0.18182,0.042907,0.15385,0.26923,2
0.063106,0.23881,0.32824,0,0.05386,0.51852,0.44361,0.028571,0.069953,0.28205,0.65625,0.34711,0.043614,0.28205,0.33654,2
0.061954,0.38806,0.33588,0.016129,0.055906,0.46296,0.4812,0.0095238,0.080865,0.24359,0.8125,0.42975,0.058664,0.29487,0.25962,2
0.13615,0.34328,0.45802,0.12903,0.1503,0.2963,0.66165,0.085714,0.096943,0.37179,0.85938,0.43802,0.086901,0.33333,0.42308,2
0.28217,0.37313,0.70229,0.28226,0.26788,0.31481,0.84962,0.27619,0.13434,0.58974,0.95313,0.61157,0.13999,0.41026,0.67308,3
0.37939,0.43284,0.87023,0.35484,0.37734,0.37037,0.94737,0.47619,0.17947,0.5,1,0.66116,0.17349,0.55128,0.80769,3
0.56441,0.49254,0.96183,0.51613,0.55226,0.40741,1,0.66667,0.23861,0.46154,1,0.75207,0.24069,0.64103,0.91346,3
0.76481,0.67164,0.99237,0.79032,0.63765,0.55556,1,0.75238,0.28051,0.57692,1,0.91736,0.30865,0.76923,0.98077,3
0.79501,0.70149,0.96947,0.77419,0.60588,0.57407,0.97744,0.69524,0.27897,0.61538,1,0.94215,0.30642,0.9359,0.98077,3
0.81767,0.67164,0.96947,0.75,0.56567,0.62963,0.97744,0.75238,0.26168,0.5641,1,0.81818,0.30078,0.87179,0.98077,3
0.72571,0.67164,1,0.76613,0.54847,0.62963,1,0.87619,0.22061,0.55128,1,0.77686,0.25371,0.9359,0.98077,3
0.65741,0.68657,1,0.69355,0.54207,0.59259,1,0.80952,0.19815,0.66667,1,0.8595,0.21703,0.88462,0.98077,3
0.61676,0.65672,0.93893,0.64516,0.45166,0.66667,0.96992,0.69524,0.19622,0.73077,1,0.84298,0.19141,0.79487,0.90385,3
0.43257,0.70149,0.8855,0.51613,0.34569,0.57407,0.90977,0.55238,0.16942,0.61538,1,0.67769,0.13742,0.69231,0.75,3
0.2752,0.62687,0.81679,0.33065,0.24845,0.61111,0.8797,0.45714,0.13199,0.57692,1,0.61983,0.097882,0.5641,0.64423,3
0.18186,0.55224,0.68702,0.17742,0.21449,0.64815,0.8797,0.42857,0.13444,0.42308,1,0.6281,0.088395,0.41026,0.54808,3
0.16029,0.43284,0.58015,0.1371,0.22706,0.44444,0.84962,0.40952,0.15107,0.21795,0.92188,0.50413,0.10718,0.26923,0.50962,3
0.12718,0.41791,0.41985,0.072581,0.16784,0.44444,0.81955,0.31429,0.12341,0.15385,0.875,0.42149,0.093204,0.23077,0.41346,3
0.091361,0.52239,0.39695,0.040323,0.1351,0.55556,0.78947,0.20952,0.089018,0.20513,0.89063,0.40496,0.056141,0.29487,0.31731,3
0.093515,0.50746,0.45802,0.080645,0.12703,0.64815,0.74436,0.21905,0.072506,0.32051,0.85938,0.36364,0.046964,0.33333,0.35577,3
0.11147,0.43284,0.46565,0.10484,0.13826,0.40741,0.75188,0.28571,0.09277,0.34615,0.8125,0.36364,0.071093,0.21795,0.375,1
0.14474,0.1791,0.48092,0.064516,0.15468,0.092593,0.67669,0.18095,0.13549,0.10256,0.79688,0.36364,0.11117,0.14103,0.34615,1
0.14796,0.13433,0.45802,0.048387,0.14617,0.14815,0.56391,0.085714,0.13953,0.012821,0.85938,0.33884,0.12801,0.076923,0.45192,1
0.1237,0.23881,0.35878,0.032258,0.11797,0.11111,0.47368,0.07619,0.1308,0.23077,0.89063,0.35537,0.12021,0.21795,0.46154,1
0.12352,0.23881,0.35878,0.040323,0.085471,0.22222,0.46617,0.066667,0.12941,0.23077,0.875,0.36364,0.12019,0.32051,0.42308,1
0.13289,0.26866,0.45038,0.056452,0.091685,0.33333,0.55639,0.047619,0.14222,0.15385,0.875,0.43802,0.13705,0.32051,0.5,1
0.11568,0.32836,0.48092,0.048387,0.085729,0.33333,0.55639,0.028571,0.13935,0.26923,0.9375,0.52893,0.12745,0.21795,0.46154,1
0.11589,0.14925,0.41985,0.040323,0.095654,0.25926,0.52632,0.047619,0.1394,0.28205,0.875,0.44628,0.12446,0.11538,0.45192,1
0.12937,0,0.38168,0.024194,0.093077,0.24074,0.5188,0.057143,0.16657,0.17949,0.875,0.42149,0.14577,0.17949,0.45192,1
0.11546,0.1194,0.42748,0.024194,0.058897,0.38889,0.55639,0.028571,0.13996,0.21795,0.78125,0.41322,0.12648,0.15385,0.34615,1
0.10075,0.20896,0.38931,0.016129,0.078816,0.37037,0.57143,0.019048,0.082987,0.21795,0.40625,0.26446,0.087832,0.10256,0.32692,1
0.073698,0.25373,0.33588,0.016129,0.082011,0.33333,0.4812,0.019048,0.041891,0.26923,0.28125,0.22314,0.048223,0.32051,0.27885,1
0.059107,0.14925,0.25191,0.024194,0.050724,0.2963,0.36842,0.0095238,0.041836,0.23077,0.4375,0.22314,0.037454,0.34615,0.31731,1
0.048106,0.1194,0.23664,0.016129,0.045876,0.31481,0.35338,0.0095238,0.045962,0.21795,0.5625,0.15702,0.034633,0.26923,0.27885,1
0.038172,0.25373,0.22901,0,0.039756,0.25926,0.38346,0,0.028922,0.33333,0.51563,0.16529,0.026094,0.26923,0.086538,1
0.032413,0.37313,0.22137,0,0.033589,0.33333,0.41353,0.0095238,0.016368,0.38462,0.3125,0.18182,0.019014,0.16667,0.076923,1
0.034575,0.40299,0.28244,0.0080645,0.03366,0.31481,0.38346,0.019048,0.020249,0.38462,0.32813,0.16529,0.02179,0.16667,0.028846,2
0.056445,0.40299,0.28244,0.0080645,0.03271,0.18519,0.2782,0.0095238,0.034313,0.24359,0.5625,0.15702,0.037092,0.089744,0,2
0.054616,0.40299,0.21374,0,0.037605,0.18519,0.30075,0,0.028287,0.25641,0.54688,0.13223,0.030892,0.10256,0.057692,2
0.052513,0.26866,0.16794,0.0080645,0.049692,0.11111,0.43609,0,0.01941,0.42308,0.45313,0.19008,0.015687,0.38462,0.14423,2
0.055743,0.20896,0.17557,0.016129,0.047487,0.092593,0.37594,0,0.017469,0.42308,0.39063,0.19835,0.013866,0.42308,0.14423,2
0.032521,0.26866,0.22137,0.0080645,0.03538,0.22222,0.35338,0,0.01831,0.37179,0.42188,0.15702,0.016061,0.32051,0.11538,2
0.026853,0.46269,0.29008,0,0.030446,0.33333,0.45113,0,0.027012,0.38462,0.45313,0.15702,0.023761,0.32051,0.15385,2
0.040902,0.61194,0.34351,0,0.04218,0.25926,0.47368,0,0.023876,0.52564,0.5,0.16529,0.026605,0.26923,0.24038,2
0.044349,0.58209,0.40458,0,0.042173,0.2963,0.42857,0.0095238,0.024325,0.42308,0.60938,0.17355,0.029611,0.26923,0.35577,2
0.049767,0.44776,0.32824,0.0080645,0.03951,0.25926,0.3609,0.0095238,0.037022,0.20513,0.57813,0.22314,0.036207,0.37179,0.33654,2
0.083949,0.1791,0.21374,0.0080645,0.047643,0.18519,0.37594,0.0095238,0.095948,0.11538,0.59375,0.22314,0.08643,0.15385,0.35577,2
0.09637,0.19403,0.32061,0.016129,0.0469,0.31481,0.38346,0.0095238,0.14856,0.11538,0.85938,0.33884,0.1244,0.089744,0.46154,2
0.080627,0.32836,0.38168,0.024194,0.037754,0.53704,0.40602,0,0.14278,0.32051,1,0.55372,0.11175,0.28205,0.59615,2
0.14052,0.28358,0.49618,0.040323,0.050763,0.57407,0.48872,0.028571,0.22027,0.39744,1,0.67769,0.16738,0.30769,0.72115,2
0.30126,0.25373,0.77099,0.12903,0.10405,0.55556,0.71429,0.17143,0.46668,0.33333,1,0.82645,0.37579,0.26923,0.83654,2
0.41303,0.29851,0.90076,0.25806,0.14967,0.66667,0.88722,0.3619,0.62618,0.35897,1,0.8843,0.53603,0.25641,0.98077,2
0.38042,0.50746,0.91603,0.29032,0.13977,0.75926,0.87218,0.3619,0.59317,0.34615,1,0.78512,0.50029,0.34615,1,1
0.38791,0.53731,0.8855,0.28226,0.14612,0.61111,0.85714,0.29524,0.62406,0.26923,1,0.76033,0.51962,0.25641,1,1
0.52288,0.34328,0.9084,0.34677,0.19876,0.31481,0.90977,0.32381,0.6928,0.34615,1,0.85124,0.65678,0.12821,0.99038,1
0.59295,0.31343,0.94656,0.3871,0.24432,0.5,0.95489,0.44762,0.73071,0.55128,1,0.8843,0.71463,0.33333,0.99038,1
0.60233,0.29851,0.93893,0.39516,0.23876,0.7963,0.94737,0.54286,0.81062,0.44872,1,0.83471,0.75924,0.28205,1,1
0.59768,0.22388,0.9313,0.37097,0.21263,0.68519,0.95489,0.42857,0.78557,0.28205,1,0.76033,0.74676,0.12821,1,1
0.41101,0.20896,0.73282,0.23387,0.16345,0.48148,0.86466,0.19048,0.5,0.26923,0.95313,0.66116,0.4908,0.26923,0.82692,1
0.23711,0.19403,0.58779,0.12097,0.11519,0.40741,0.74436,0.07619,0.2462,0.26923,0.9375,0.57025,0.24993,0.29487,0.65385,1
0.18321,0.22388,0.55725,0.08871,0.096592,0.35185,0.68421,0.066667,0.18445,0.30769,0.96875,0.57851,0.1663,0.23077,0.59615,3
0.12507,0.25373,0.42748,0.024194,0.074573,0.27778,0.54135,0.019048,0.1433,0.29487,0.875,0.42975,0.11352,0.33333,0.47115,3
0.073782,0.29851,0.30534,0.0080645,0.051827,0.25926,0.42857,0,0.10487,0.32051,0.76563,0.33884,0.077586,0.42308,0.46154,3
0.050017,0.23881,0.22137,0,0.043717,0.24074,0.41353,0,0.072278,0.28205,0.64063,0.24793,0.058554,0.21795,0.27885,3
0.044925,0.20896,0.21374,0,0.043866,0.18519,0.42105,0,0.054747,0.25641,0.54688,0.14876,0.038161,0.26923,0.17308,3
0.071595,0.14925,0.27481,0,0.067378,0.22222,0.48872,0,0.060321,0.23077,0.59375,0.18182,0.030754,0.39744,0.23077,3
0.083498,0.14925,0.38168,0,0.098622,0.27778,0.49624,0,0.055108,0.16667,0.4375,0.14876,0.035719,0.26923,0.26923,3
0.062855,0.23881,0.35115,0,0.085768,0.37037,0.46617,0.028571,0.051183,0.15385,0.42188,0.13223,0.039322,0.28205,0.25962,3
0.053506,0.29851,0.32061,0,0.06592,0.35185,0.47368,0.028571,0.030733,0.16667,0.40625,0.10744,0.023973,0.35897,0.16346,2
0.044065,0.28358,0.22901,0,0.055823,0.25926,0.41353,0,0.0068751,0.21795,0.20313,0.066116,0.0087343,0.34615,0.086538,2
0.035393,0.28358,0.18321,0,0.061208,0.2963,0.44361,0,0.010972,0.32051,0.23438,0.099174,0.0058784,0.26923,0.028846,2
0.030134,0.37313,0.25954,0,0.0539,0.33333,0.42105,0,0.023447,0.28205,0.20313,0.099174,0.0081367,0.19231,0.13462,2
0.031469,0.46269,0.29008,0.0080645,0.039592,0.25926,0.33835,0,0.024783,0.24359,0.14063,0.066116,0.0082746,0.32051,0.14423,2
0.028999,0.46269,0.24427,0.0080645,0.044902,0.27778,0.46617,0,0.012862,0.34615,0.34375,0.10744,0.0066772,0.38462,0.076923,2
0.033556,0.29851,0.20611,0,0.055945,0.25926,0.48872,0,0.010627,0.30769,0.3125,0.1157,0.01101,0.28205,0.076923,2
0.081336,0.20896,0.28244,0,0.075731,0.14815,0.45113,0,0.077262,0.11538,0.25,0.12397,0.066536,0.14103,0.125,2
0.08748,0.1791,0.25191,0,0.081373,0.2037,0.42105,0.0095238,0.11237,0.051282,0.42188,0.18182,0.086539,0.11538,0.19231,1
0.0597,0.19403,0.18321,0,0.055073,0.35185,0.37594,0.0095238,0.088062,0.12821,0.51563,0.17355,0.061623,0.14103,0.19231,1
0.07687,0.1791,0.25954,0.0080645,0.040147,0.38889,0.41353,0.0095238,0.10198,0.10256,0.57813,0.23967,0.090446,0.10256,0.20192,1
0.13344,0.23881,0.40458,0.032258,0.055213,0.37037,0.4812,0.028571,0.21427,0.025641,0.73438,0.36364,0.18296,0.10256,0.49038,1
0.23791,0.22388,0.58779,0.1129,0.079543,0.51852,0.64662,0.12381,0.34936,0.089744,0.95313,0.55372,0.32161,0.064103,0.82692,1
0.33206,0.23881,0.77863,0.17742,0.10689,0.72222,0.80451,0.26667,0.48828,0.33333,1,0.7686,0.44124,0.064103,0.92308,1
0.3911,0.23881,0.8626,0.18548,0.12166,0.72222,0.83459,0.30476,0.54582,0.41026,1,0.77686,0.47901,0.15385,0.97115,1
0.46267,0.10448,0.87786,0.19355,0.15006,0.62963,0.81203,0.2381,0.55167,0.30769,1,0.77686,0.54454,0.24359,1,1
0.47355,0.1791,0.9313,0.19355,0.16348,0.59259,0.84962,0.2381,0.61057,0.29487,1,0.8595,0.58745,0.20513,1,1
0.46297,0.26866,0.94656,0.24194,0.15588,0.7037,0.89474,0.33333,0.6569,0.30769,1,0.86777,0.60142,0.20513,1,1
0.50915,0.37313,0.92366,0.35484,0.17959,0.92593,0.94737,0.46667,0.70178,0.38462,1,0.8595,0.63145,0.33333,1,1
0.50814,0.43284,0.90076,0.3871,0.19732,0.81481,0.97744,0.4381,0.66455,0.35897,1,0.90909,0.59753,0.38462,0.99038,1
0.43941,0.35821,0.9084,0.27419,0.18256,0.5,0.91729,0.2381,0.54341,0.29487,1,0.90083,0.54252,0.28205,0.98077,1
0.36145,0.43284,0.9313,0.23387,0.15587,0.57407,0.85714,0.1619,0.51312,0.41026,1,0.87603,0.46374,0.34615,0.99038,1
0.34408,0.40299,0.87023,0.25,0.14156,0.59259,0.81955,0.22857,0.46642,0.48718,1,0.81818,0.40535,0.4359,0.98077,1
0.40424,0.28358,0.87023,0.16935,0.14967,0.53704,0.84962,0.2381,0.46095,0.35897,1,0.85124,0.45666,0.37179,0.97115,1
0.34448,0.35821,0.81679,0.16935,0.12587,0.61111,0.76692,0.20952,0.46416,0.32051,1,0.90083,0.41934,0.29487,0.92308,3
0.22617,0.44776,0.70992,0.16129,0.089839,0.57407,0.64662,0.17143,0.34291,0.41026,1,0.85124,0.29909,0.30769,0.82692,3
0.20729,0.37313,0.64122,0.12097,0.091689,0.38889,0.59398,0.11429,0.26112,0.4359,0.98438,0.66942,0.26659,0.32051,0.75,3
0.21144,0.14925,0.56489,0.08871,0.092987,0.2963,0.52632,0.085714,0.27398,0.34615,0.96875,0.61157,0.25718,0.15385,0.72115,3
0.17403,0.10448,0.47328,0.040323,0.074401,0.2963,0.53383,0.057143,0.26055,0.24359,0.95313,0.61157,0.21849,0.076923,0.63462,3
0.12736,0.089552,0.38931,0.032258,0.083109,0.18519,0.51128,0.019048,0.22952,0.25641,0.9375,0.52066,0.18037,0.19231,0.57692,3
0.11367,0.22388,0.50382,0.032258,0.084114,0.14815,0.45113,0.019048,0.18805,0.29487,0.92188,0.49587,0.13159,0.28205,0.44231,3
0.091153,0.44776,0.51908,0.024194,0.063194,0.25926,0.45113,0.047619,0.14331,0.33333,0.875,0.47934,0.097589,0.29487,0.35577,3
0.0847,0.28358,0.35115,0.016129,0.066041,0.25926,0.50376,0.038095,0.13937,0.37179,0.85938,0.39669,0.098129,0.29487,0.40385,3
0.11515,0.089552,0.34351,0.024194,0.093808,0.16667,0.54887,0.028571,0.11588,0.24359,0.92188,0.34711,0.082131,0.26923,0.40385,3
0.12717,0.14925,0.47328,0.032258,0.11327,0.14815,0.52632,0.038095,0.12436,0.10256,0.98438,0.34711,0.083867,0.23077,0.39423,3
0.10003,0.44776,0.46565,0.016129,0.098285,0.27778,0.50376,0.038095,0.090353,0.19231,0.79688,0.28099,0.061962,0.26923,0.38462,3
0.093515,0.50746,0.37405,0.016129,0.11583,0.2963,0.57143,0.12381,0.086768,0.23077,0.70313,0.2562,0.063117,0.32051,0.41346,3
0.10892,0.37313,0.41985,0.024194,0.17209,0.16667,0.64662,0.13333,0.10415,0.28205,0.89063,0.31405,0.070283,0.28205,0.44231,3
0.12195,0.38806,0.50382,0.040323,0.18015,0.14815,0.69925,0.10476,0.09005,0.33333,0.73438,0.28099,0.058922,0.26923,0.47115,3
0.026378,0.16418,0.12977,0,0.023708,0.14815,0.38346,0,0.035682,0.52564,0.76563,0.28099,0.023956,0.32051,0.31731,2
0.025426,0.25373,0.1374,0,0.032944,0.16667,0.36842,0,0.037292,0.57692,0.84375,0.3719,0.018543,0.42308,0.22115,2
0.03,0.19403,0.1145,0,0.039881,0.24074,0.36842,0,0.035907,0.57692,0.85938,0.44628,0.022399,0.41026,0.14423,2
0.035484,0.074627,0.12977,0,0.038825,0.2037,0.41353,0,0.03581,0.58974,0.78125,0.38843,0.022273,0.35897,0.17308,2
0.035484,0.23881,0.19084,0,0.045981,0.092593,0.52632,0,0.037435,0.65385,0.75,0.42975,0.021411,0.37179,0.31731,2
0.039883,0.1791,0.20611,0,0.05544,0.055556,0.4812,0,0.04747,0.61538,0.875,0.45455,0.037621,0.34615,0.25962,2
0.047004,0.1194,0.27481,0,0.054263,0.092593,0.40602,0,0.055779,0.5,0.84375,0.38843,0.05024,0.28205,0.19231,2
0.088331,0.34328,0.44275,0.048387,0.098141,0.35185,0.57895,0.057143,0.082501,0.51282,0.875,0.47934,0.068409,0.33333,0.38462,2
0.17064,0.38806,0.58015,0.072581,0.16775,0.40741,0.74436,0.11429,0.12965,0.38462,1,0.60331,0.1164,0.33333,0.54808,3
0.20877,0.41791,0.66412,0.12903,0.23097,0.2037,0.80451,0.22857,0.14127,0.30769,1,0.66942,0.13548,0.38462,0.64423,3
0.20894,0.59701,0.72519,0.21774,0.27426,0.38889,0.88722,0.37143,0.1291,0.42308,1,0.67769,0.11326,0.53846,0.57692,3
0.2452,0.76119,0.83969,0.28226,0.31782,0.46296,0.96992,0.4381,0.14905,0.5641,1,0.66942,0.12499,0.55128,0.63462,3
0.4354,0.56716,0.89313,0.39516,0.35468,0.53704,0.98496,0.46667,0.18052,0.55128,0.98438,0.71074,0.17977,0.53846,0.81731,3
0.5788,0.41791,0.93893,0.51613,0.40182,0.68519,0.98496,0.67619,0.18442,0.53846,0.98438,0.71901,0.23351,0.55128,0.90385,3
0.70938,0.67164,0.99237,0.70968,0.63886,0.51852,1,0.92381,0.2012,0.58974,1,0.76033,0.2736,0.5641,0.95192,3
0.70234,0.74627,0.99237,0.66129,0.71985,0.51852,1,0.89524,0.21476,0.58974,1,0.90909,0.22185,0.67949,0.88462,3
0.3961,0.61194,0.89313,0.31452,0.41553,0.64815,0.93233,0.6381,0.16439,0.34615,0.95313,0.78512,0.13349,0.66667,0.73077,1
0.19073,0.59701,0.75573,0.16935,0.19299,0.5,0.83459,0.37143,0.12616,0.24359,0.9375,0.56198,0.10375,0.51282,0.60577,1
0.15378,0.47761,0.58015,0.12097,0.18531,0.37037,0.79699,0.30476,0.13726,0.39744,0.98438,0.60331,0.094222,0.42308,0.48077,1
0.14627,0.49254,0.50382,0.072581,0.18667,0.48148,0.78947,0.26667,0.1443,0.29487,0.96875,0.50413,0.097118,0.44872,0.47115,1
0.11185,0.49254,0.48092,0.048387,0.14436,0.5,0.7594,0.13333,0.13365,0.34615,0.96875,0.52893,0.087246,0.28205,0.45192,1
0.12866,0.40299,0.44275,0.040323,0.1382,0.25926,0.72932,0.085714,0.16679,0.37179,0.98438,0.61983,0.1228,0.12821,0.46154,1
0.14797,0.41791,0.56489,0.040323,0.13509,0.27778,0.68421,0.095238,0.18875,0.32051,0.95313,0.57851,0.1523,0.24359,0.58654,1
0.11054,0.44776,0.49618,0.032258,0.093331,0.40741,0.52632,0.057143,0.15642,0.44872,0.95313,0.57851,0.11619,0.35897,0.51923,1
0.074166,0.49254,0.36641,0.0080645,0.068411,0.31481,0.45113,0.07619,0.1289,0.38462,0.95313,0.5124,0.087768,0.28205,0.39423,2
0.06293,0.43284,0.40458,0,0.065799,0.2037,0.46617,0.057143,0.099888,0.38462,0.9375,0.40496,0.070409,0.34615,0.36538,2
0.048406,0.29851,0.26718,0,0.06007,0.25926,0.49624,0.0095238,0.07341,0.42308,0.78125,0.30579,0.056963,0.4359,0.27885,2
0.05389,0.1791,0.22137,0.0080645,0.059656,0.24074,0.50376,0.019048,0.065186,0.42308,0.78125,0.28926,0.056538,0.35897,0.29808,2
0.055618,0.089552,0.26718,0.0080645,0.064821,0.25926,0.49624,0.019048,0.069284,0.44872,0.85938,0.31405,0.058727,0.33333,0.35577,2
0.041144,0.23881,0.24427,0,0.056672,0.2963,0.54135,0.0095238,0.070818,0.41026,0.82813,0.38017,0.048826,0.29487,0.33654,2
0.047062,0.35821,0.22901,0,0.058533,0.22222,0.49624,0,0.063864,0.41026,0.9375,0.41322,0.050211,0.28205,0.375,2
0.061687,0.1791,0.29771,0,0.071226,0.31481,0.47368,0,0.056297,0.28205,0.78125,0.33884,0.046303,0.42308,0.39423,2
0.12725,0.32836,0.48855,0.064516,0.11587,0.37037,0.54887,0.066667,0.10081,0.24359,0.75,0.42975,0.074328,0.5641,0.48077,3
0.22125,0.52239,0.64122,0.21774,0.23886,0.35185,0.7218,0.14286,0.15411,0.42308,0.96875,0.61157,0.14332,0.48718,0.67308,3
0.48014,0.55224,0.85496,0.52419,0.34019,0.53704,0.91729,0.42857,0.19642,0.66667,1,0.80992,0.232,0.58974,0.875,3
0.74918,0.70149,1,0.74194,0.39122,0.61111,0.99248,0.67619,0.20472,0.73077,1,0.89256,0.29714,0.82051,1,3
0.76274,0.77612,1,0.75,0.59535,0.53704,0.99248,0.80952,0.1981,0.65385,1,0.94215,0.30385,0.78205,1,3
0.68039,0.68657,0.98473,0.69355,0.62113,0.64815,0.99248,0.8381,0.21236,0.64103,1,0.89256,0.28025,0.76923,0.97115,3
0.69339,0.70149,0.98473,0.66129,0.56532,0.72222,0.99248,0.80952,0.20096,0.58974,1,0.82645,0.24973,0.84615,0.96154,3
0.69247,0.70149,1,0.73387,0.57709,0.77778,1,0.87619,0.18835,0.60256,1,0.90909,0.23825,0.85897,0.95192,3
0.71552,0.62687,0.98473,0.79839,0.54346,0.7963,1,0.9619,0.23282,0.70513,1,0.8843,0.24064,0.87179,0.96154,3
1,0.67164,0.98473,0.89516,0.79519,0.61111,1,0.99048,0.28283,0.66667,1,0.89256,0.26151,0.85897,0.98077,3
0.98611,0.64179,1,1,1,0.46296,1,0.94286,0.30627,0.64103,1,0.98347,0.2912,0.84615,0.98077,3
0.80557,0.59701,0.99237,0.91935,0.89877,0.55556,1,1,0.30294,0.62821,1,0.97521,0.29036,0.89744,0.99038,3
0.68007,0.67164,0.96947,0.72581,0.68643,0.83333,1,0.99048,0.22535,0.55128,1,0.85124,0.21967,0.71795,0.96154,3
0.46395,0.68657,0.96183,0.49194,0.4996,0.88889,1,0.78095,0.13621,0.58974,0.98438,0.76033,0.14477,0.58974,0.86538,3
0.3812,0.65672,0.92366,0.31452,0.36376,0.68519,1,0.75238,0.078221,0.73077,0.90625,0.61983,0.093268,0.66667,0.67308,3
0.36503,0.70149,0.85496,0.37097,0.31282,0.62963,0.99248,0.69524,0.087181,0.65385,0.90625,0.52066,0.080114,0.58974,0.625,3
0.27362,0.71642,0.77099,0.30645,0.25713,0.74074,0.95489,0.50476,0.093499,0.48718,0.95313,0.49587,0.074546,0.53846,0.54808,1
0.16622,0.59701,0.61069,0.14516,0.21728,0.64815,0.92481,0.40952,0.085874,0.28205,0.85938,0.40496,0.068622,0.38462,0.34615,1
0.14862,0.49254,0.59542,0.1129,0.21385,0.40741,0.84962,0.27619,0.096727,0.20513,0.82813,0.45455,0.064634,0.29487,0.34615,1
0.13804,0.50746,0.60305,0.072581,0.20915,0.33333,0.78195,0.21905,0.084884,0.26923,0.84375,0.42975,0.045062,0.28205,0.34615,1
0.11437,0.32836,0.43511,0.024194,0.18402,0.42593,0.7594,0.2,0.061842,0.39744,0.78125,0.33058,0.038822,0.34615,0.33654,1
0.10032,0.14925,0.44275,0.032258,0.14311,0.46296,0.66917,0.14286,0.061941,0.38462,0.67188,0.34711,0.046361,0.34615,0.29808,1
0.10084,0.1791,0.49618,0.032258,0.16808,0.24074,0.67669,0.13333,0.069657,0.37179,0.51563,0.3719,0.052877,0.32051,0.34615,1
0.10988,0.23881,0.44275,0.024194,0.1518,0.37037,0.69173,0.14286,0.081445,0.37179,0.5,0.31405,0.08054,0.26923,0.38462,1
0.12088,0.1791,0.32824,0.0080645,0.15724,0.38889,0.65414,0.14286,0.08953,0.15385,0.64063,0.24793,0.084258,0.14103,0.33654,1
0.097705,0.13433,0.28244,0,0.14623,0.27778,0.61654,0.15238,0.072417,0.11538,0.73438,0.21488,0.04339,0.19231,0.25,1
0.075335,0.1194,0.28244,0.0080645,0.10577,0.48148,0.63158,0.14286,0.072994,0.24359,0.76563,0.22314,0.051515,0.26923,0.22115,1
0.069375,0.10448,0.25954,0.0080645,0.10354,0.37037,0.58647,0.10476,0.077021,0.38462,0.73438,0.28099,0.068208,0.33333,0.30769,1
0.099183,0.10448,0.32061,0,0.099814,0.12963,0.44361,0.057143,0.11286,0.24359,0.79688,0.28926,0.10503,0.20513,0.41346,1
0.1037,0.28358,0.35878,0.0080645,0.093413,0.24074,0.47368,0.047619,0.13784,0,0.79688,0.21488,0.12342,0.16667,0.50962,1
0.11018,0.34328,0.37405,0.016129,0.081244,0.40741,0.58647,0.066667,0.15755,0.10256,0.76563,0.20661,0.13611,0.19231,0.50962,1
0.11246,0.10448,0.33588,0.0080645,0.066409,0.33333,0.53383,0.047619,0.13901,0.30769,0.75,0.22314,0.1267,0.12821,0.42308,1
0.065752,0.1194,0.32061,0,0.047358,0.2963,0.42105,0.0095238,0.080131,0.33333,0.71875,0.2562,0.074656,0.29487,0.34615,2
0.054383,0.20896,0.22901,0,0.051252,0.25926,0.39098,0.0095238,0.072919,0.25641,0.6875,0.22314,0.068639,0.33333,0.22115,2
0.048356,0.1791,0.14504,0,0.063511,0.092593,0.42105,0.0095238,0.081367,0.17949,0.73438,0.19008,0.067323,0.28205,0.24038,2
0.034416,0.19403,0.15267,0,0.061055,0.055556,0.43609,0,0.075733,0.15385,0.73438,0.18182,0.054521,0.24359,0.30769,2
0.038197,0.29851,0.23664,0,0.059742,0.018519,0.45113,0,0.061682,0.23077,0.53125,0.16529,0.048389,0.15385,0.16346,2
0.032112,0.34328,0.24427,0,0.056152,0,0.48872,0,0.042147,0.34615,0.54688,0.14876,0.035546,0.19231,0.096154,2
0.038974,0.23881,0.19084,0,0.053458,0.055556,0.47368,0,0.059098,0.16667,0.65625,0.12397,0.055612,0.25641,0.15385,2
0.054525,0.059701,0.17557,0.0080645,0.058232,0.074074,0.49624,0,0.071931,0.10256,0.54688,0.14876,0.0668,0.24359,0.22115,2
0.055101,0.089552,0.21374,0,0.049035,0.16667,0.4812,0,0.050192,0.21795,0.51563,0.16529,0.055354,0.25641,0.23077,2
0.071161,0.20896,0.22137,0.0080645,0.042575,0.33333,0.50376,0.0095238,0.076472,0.29487,0.65625,0.2314,0.081608,0.29487,0.31731,2
0.06298,0.074627,0.076336,0.0080645,0.053841,0.2963,0.46617,0.0095238,0.076817,0.32051,0.65625,0.26446,0.070725,0.33333,0.33654,2
0.079007,0.044776,0.1374,0,0.069834,0.074074,0.45865,0.0095238,0.10688,0.19231,0.6875,0.19008,0.08751,0.30769,0.28846,2
0.097972,0.22388,0.32824,0.0080645,0.061665,0.24074,0.54135,0.0095238,0.17262,0.20513,0.89063,0.32231,0.13614,0.33333,0.43269,2
0.09339,0.31343,0.41985,0.024194,0.057118,0.40741,0.47368,0.028571,0.19044,0.28205,0.9375,0.54545,0.14506,0.35897,0.51923,2
0.1297,0.25373,0.49618,0.040323,0.070671,0.46296,0.49624,0.066667,0.25391,0.21795,0.9375,0.67769,0.20048,0.15385,0.65385,2
0.16876,0.29851,0.52672,0.064516,0.081295,0.57407,0.66917,0.085714,0.3312,0.34615,1,0.78512,0.25962,0.20513,0.85577,2
0.28711,0.38806,0.70229,0.14516,0.10627,0.72222,0.81955,0.12381,0.44517,0.46154,1,0.85124,0.3677,0.28205,0.96154,1
0.34017,0.50746,0.8626,0.21774,0.11879,0.77778,0.88722,0.1619,0.49244,0.32051,1,0.85124,0.4229,0.29487,1,1
0.43519,0.44776,0.9084,0.22581,0.16033,0.51852,0.90977,0.2381,0.64294,0.21795,1,0.7438,0.5533,0.29487,1,1
0.56876,0.26866,0.93893,0.28226,0.22598,0.42593,0.93985,0.3619,0.74373,0.25641,1,0.7438,0.70709,0.26923,1,1
0.54046,0.29851,0.91603,0.37903,0.2076,0.7037,0.92481,0.40952,0.70034,0.20513,1,0.81818,0.69664,0.26923,0.99038,1
0.43353,0.23881,0.87023,0.33871,0.16373,0.81481,0.86466,0.26667,0.63606,0.25641,1,0.7686,0.57925,0.24359,0.97115,1
0.42683,0.16418,0.83206,0.23387,0.18674,0.53704,0.89474,0.2,0.5527,0.28205,1,0.73554,0.54105,0.21795,0.97115,1
0.41466,0.22388,0.77863,0.19355,0.16904,0.55556,0.88722,0.20952,0.48236,0.17949,1,0.67769,0.50792,0.23077,0.92308,1
0.24814,0.23881,0.61832,0.1371,0.11581,0.62963,0.66917,0.1619,0.30235,0.21795,0.95313,0.54545,0.29869,0.29487,0.79808,3
0.15777,0.14925,0.43511,0.056452,0.11418,0.33333,0.57895,0.07619,0.19232,0.20513,0.85938,0.38017,0.17303,0.23077,0.58654,3
0.11128,0.22388,0.39695,0.024194,0.097574,0.18519,0.6391,0.038095,0.12675,0.17949,0.78125,0.27273,0.11563,0.11538,0.38462,3
0.062872,0.32836,0.32824,0.0080645,0.069897,0.2037,0.57143,0.028571,0.073405,0.21795,0.65625,0.21488,0.076598,0.23077,0.31731,3
0.029942,0.47761,0.23664,0,0.052113,0.22222,0.44361,0.0095238,0.049845,0.23077,0.54688,0.15702,0.048504,0.28205,0.17308,3
0.036194,0.47761,0.25191,0,0.046427,0.2963,0.39098,0.0095238,0.040304,0.29487,0.5625,0.16529,0.037086,0.29487,0.23077,3
0.062597,0.23881,0.25191,0.0080645,0.062682,0.24074,0.43609,0,0.027524,0.26923,0.35938,0.14876,0.031932,0.37179,0.36538,3
0.068147,0.25373,0.32061,0.0080645,0.058877,0.2963,0.45113,0,0.029883,0.10256,0.34375,0.1157,0.03511,0.23077,0.20192,3
0.042797,0.28358,0.22137,0,0.044984,0.22222,0.42857,0,0.035985,0.038462,0.40625,0.14876,0.03704,0.14103,0.16346,2
0.026227,0.26866,0.14504,0,0.059014,0.074074,0.47368,0,0.019068,0.19231,0.15625,0.07438,0.025416,0.24359,0.26923,2
0.018381,0.37313,0.14504,0,0.068876,0.11111,0.48872,0,0.0093706,0.30769,0.23438,0.082645,0.019572,0.28205,0.24038,2
0.016603,0.43284,0.10687,0.0080645,0.056027,0.24074,0.45113,0,0.017573,0.20513,0.26563,0.082645,0.019601,0.20513,0.14423,2
0.036227,0.34328,0.16794,0.0080645,0.055241,0.2963,0.45113,0,0.029269,0.10256,0,0,0.033834,0.23077,0.18269,2
0.075668,0.16418,0.28244,0.016129,0.067081,0.18519,0.49624,0,0.073959,0.064103,0.21875,0.049587,0.092457,0.28205,0.32692,2
0.085293,0.089552,0.32061,0.016129,0.060266,0.22222,0.47368,0,0.087858,0.10256,0.5,0.1405,0.096342,0.25641,0.30769,2
0.11592,0.089552,0.34351,0,0.058807,0.2963,0.45113,0,0.14296,0.15385,0.5625,0.21488,0.13869,0.10256,0.35577,2
0.18236,0.074627,0.44275,0.024194,0.076865,0.2963,0.48872,0.038095,0.2414,0.15385,0.84375,0.43802,0.23971,0.089744,0.60577,1
0.22646,0.1791,0.55725,0.080645,0.089104,0.57407,0.57143,0.085714,0.3415,0.23077,1,0.68595,0.31727,0.16667,0.82692,1
0.28802,0.29851,0.69466,0.1371,0.11926,0.68519,0.69173,0.19048,0.45675,0.19231,1,0.76033,0.41642,0.12821,0.95192,1
0.33992,0.34328,0.83969,0.20161,0.14806,0.64815,0.81203,0.25714,0.49505,0.28205,1,0.73554,0.44682,0.19231,0.96154,1
0.43424,0.32836,0.90076,0.31452,0.16688,0.77778,0.90226,0.30476,0.55189,0.28205,1,0.66116,0.52594,0.23077,0.99038,1
0.53269,0.29851,0.93893,0.34677,0.18861,0.7037,0.93233,0.33333,0.63847,0.14103,1,0.71074,0.65587,0.19231,1,1
0.52238,0.46269,0.99237,0.41935,0.21984,0.62963,0.97744,0.37143,0.63988,0.29487,1,0.85124,0.67481,0.23077,1,1
0.49592,0.40299,0.96183,0.37903,0.24297,0.38889,0.93985,0.32381,0.62982,0.33333,1,0.81818,0.63705,0.11538,1,1
0.46818,0.23881,0.9313,0.26613,0.20136,0.44444,0.8797,0.26667,0.59575,0.29487,1,0.76033,0.58165,0.14103,0.97115,1
0.43685,0.32836,0.87023,0.27419,0.1797,0.74074,0.90977,0.35238,0.53407,0.38462,1,0.71901,0.54377,0.32051,0.97115,1
0.43624,0.34328,0.80916,0.25806,0.21359,0.61111,0.88722,0.31429,0.52537,0.42308,1,0.78512,0.53349,0.29487,0.99038,1
0.36432,0.43284,0.78626,0.19355,0.19183,0.53704,0.84962,0.27619,0.43769,0.39744,1,0.84298,0.44181,0.28205,0.92308,1
0.31039,0.38806,0.75573,0.16935,0.16053,0.46296,0.80451,0.21905,0.39531,0.10256,1,0.7438,0.38874,0.16667,0.875,1
0.29837,0.20896,0.74809,0.16129,0.15365,0.38889,0.71429,0.15238,0.39357,0.051282,1,0.66942,0.38471,0.025641,0.89423,1
0.24383,0.28358,0.64885,0.080645,0.12053,0.46296,0.67669,0.10476,0.33201,0.23077,1,0.65289,0.32939,0.12821,0.85577,1
0.17773,0.41791,0.57252,0.048387,0.10233,0.40741,0.6391,0.057143,0.24186,0.26923,0.95313,0.59504,0.23356,0.28205,0.74038,1
0.15018,0.37313,0.56489,0.080645,0.11379,0.31481,0.66165,0.038095,0.19032,0.20513,0.90625,0.55372,0.18295,0.16667,0.625,3
0.13478,0.29851,0.50382,0.072581,0.097499,0.24074,0.61654,0.047619,0.17655,0.20513,0.85938,0.4876,0.15818,0.10256,0.50962,3
0.075351,0.28358,0.35878,0.016129,0.062878,0.2963,0.45865,0.019048,0.12353,0.20513,0.75,0.38017,0.087631,0.23077,0.38462,3
0.049157,0.26866,0.30534,0,0.054736,0.35185,0.4812,0.0095238,0.099651,0.11538,0.71875,0.34711,0.07138,0.28205,0.35577,3
0.056269,0.37313,0.38168,0.0080645,0.055608,0.31481,0.45865,0,0.077439,0.12821,0.70313,0.28099,0.052607,0.4359,0.34615,3
0.064183,0.38806,0.35115,0.016129,0.054177,0.40741,0.36842,0,0.052351,0.30769,0.60938,0.21488,0.033886,0.4359,0.33654,3
0.059341,0.29851,0.30534,0.0080645,0.051702,0.31481,0.40602,0.019048,0.046011,0.26923,0.60938,0.18182,0.034311,0.28205,0.25,3
0.066762,0.35821,0.34351,0.024194,0.06323,0.27778,0.43609,0.019048,0.054342,0.17949,0.625,0.18182,0.042195,0.25641,0.21154,3
0.096837,0.37313,0.42748,0.040323,0.08517,0.22222,0.42105,0.038095,0.052223,0.26923,0.59375,0.2314,0.052705,0.23077,0.35577,3
0.092714,0.29851,0.38931,0.016129,0.091352,0.11111,0.45113,0.066667,0.040341,0.17949,0.42188,0.2314,0.048987,0.25641,0.30769,3
0.077304,0.28358,0.29771,0,0.084114,0.33333,0.49624,0.047619,0.042473,0.23077,0.40625,0.2314,0.041695,0.37179,0.30769,3
0.10069,0.40299,0.47328,0.016129,0.098731,0.44444,0.54135,0.047619,0.039599,0.30769,0.5625,0.2562,0.037006,0.5,0.48077,3
0.090285,0.52239,0.54198,0.024194,0.089863,0.48148,0.51128,0.038095,0.034989,0.26923,0.57813,0.15702,0.03665,0.39744,0.45192,3
0.065017,0.26866,0.35115,0.0080645,0.079563,0.42593,0.43609,0.019048,0.02727,0.39744,0.51563,0.13223,0.023749,0.38462,0.32692,3
0.061753,0.14925,0.27481,0,0.071218,0.37037,0.47368,0.038095,0.0081633,0.44872,0.35938,0.12397,0.017095,0.37179,0.30769,3
0,0.34328,0.068702,0,0.0006452,0.24074,0,0,0.008571,0.48718,0.53125,0.19835,0,0.33333,0.038462,2
0.0065276,0.34328,0.045802,0,0.0071402,0.27778,0.037594,0,0.017043,0.5,0.48438,0.23967,0.0077115,0.4359,0.067308,2
0.015084,0.28358,0.038168,0,0.01595,0.27778,0.21053,0,0.029311,0.67949,0.67188,0.41322,0.012969,0.41026,0.057692,2
0.023631,0.19403,0.099237,0,0.018809,0.18519,0.24812,0,0.040689,0.73077,0.875,0.46281,0.025111,0.32051,0.18269,2
0.029074,0.13433,0.1145,0,0.025436,0.2037,0.23308,0,0.048604,0.73077,0.84375,0.41322,0.028214,0.39744,0.32692,2
0.082087,0.1194,0.22137,0.024194,0.054701,0.35185,0.34586,0.019048,0.07237,0.66667,0.875,0.42149,0.055176,0.38462,0.41346,2
0.098006,0.1194,0.29008,0.032258,0.066737,0.33333,0.38346,0.019048,0.070935,0.51282,0.79688,0.40496,0.067381,0.19231,0.25,2
0.071178,0.13433,0.25954,0.048387,0.069584,0.14815,0.49624,0,0.05244,0.35897,0.65625,0.33058,0.049544,0.16667,0.21154,2
0.13984,0.31343,0.51908,0.096774,0.11202,0.2037,0.69925,0.07619,0.11098,0.38462,0.84375,0.50413,0.10694,0.38462,0.50962,3
0.231,0.65672,0.70229,0.20161,0.23356,0.46296,0.83459,0.22857,0.14172,0.52564,1,0.66942,0.14816,0.39744,0.57692,3
0.31731,0.77612,0.75573,0.31452,0.32731,0.53704,0.93985,0.40952,0.13522,0.60256,1,0.7686,0.16286,0.4359,0.69231,3
0.602,0.71642,0.89313,0.50806,0.55752,0.5,0.97744,0.65714,0.19271,0.65385,1,0.86777,0.25697,0.69231,0.92308,3
0.98871,0.80597,1,0.77419,0.81597,0.59259,1,0.81905,0.27058,0.48718,1,0.80992,0.32062,0.89744,1,3
0.94428,0.77612,1,0.83871,0.74811,0.61111,1,0.91429,0.27346,0.30769,1,0.7686,0.27713,0.87179,0.97115,3
0.6715,0.59701,1,0.78226,0.58562,0.66667,1,0.89524,0.20037,0.37179,1,0.70248,0.2136,0.75641,0.95192,3
0.55785,0.70149,1,0.72581,0.51027,0.77778,0.99248,0.80952,0.18286,0.66667,1,0.81818,0.19588,0.76923,0.96154,3
0.46763,0.80597,0.9771,0.65323,0.4655,0.7963,0.99248,0.8,0.16581,0.75641,1,0.86777,0.15637,0.79487,0.81731,1
0.39138,0.64179,0.92366,0.50806,0.35442,0.74074,0.94737,0.71429,0.10498,0.75641,1,0.72727,0.11124,0.66667,0.68269,1
0.32115,0.64179,0.85496,0.33065,0.25467,0.62963,0.89474,0.51429,0.09421,0.64103,0.96875,0.70248,0.089981,0.51282,0.56731,1
0.26083,0.55224,0.76336,0.20161,0.24896,0.55556,0.88722,0.4381,0.13954,0.44872,0.96875,0.60331,0.10093,0.38462,0.52885,1
0.23946,0.34328,0.65649,0.14516,0.22768,0.37037,0.69925,0.3619,0.18647,0.35897,0.98438,0.52066,0.13991,0.29487,0.53846,1
0.18483,0.32836,0.52672,0.08871,0.16055,0.35185,0.58647,0.18095,0.19381,0.24359,0.95313,0.47107,0.1337,0.30769,0.42308,1
0.12516,0.44776,0.48092,0.040323,0.12576,0.35185,0.59398,0.14286,0.15804,0.32051,0.95313,0.47107,0.10458,0.37179,0.39423,1
0.10649,0.31343,0.40458,0.016129,0.10083,0.2037,0.50376,0.066667,0.13559,0.19231,0.90625,0.36364,0.093084,0.34615,0.46154,1
0.13609,0.16418,0.37405,0.040323,0.073893,0.24074,0.49624,0.028571,0.20661,0.089744,0.92188,0.42149,0.16723,0.20513,0.55769,2
0.12294,0.22388,0.40458,0.032258,0.052253,0.24074,0.47368,0.028571,0.17721,0.29487,0.89063,0.47934,0.15036,0.12821,0.35577,2
0.068799,0.20896,0.31298,0,0.042614,0.16667,0.43609,0,0.092849,0.39744,0.78125,0.38017,0.076397,0.24359,0.32692,2
0.063615,0.029851,0.17557,0,0.048417,0.092593,0.42105,0,0.071685,0.39744,0.70313,0.30579,0.077345,0.24359,0.46154,2
0.057421,0.059701,0.23664,0,0.049395,0.018519,0.34586,0,0.033827,0.51282,0.59375,0.21488,0.056359,0.11538,0.27885,2
0.036561,0.1791,0.29008,0,0.03913,0.092593,0.30827,0,0.036231,0.35897,0.54688,0.16529,0.032472,0.16667,0.125,2
0.022271,0.22388,0.19084,0,0.034137,0.14815,0.38346,0,0.037535,0.25641,0.48438,0.1405,0.017492,0.24359,0.086538,2
0.023314,0.16418,0.10687,0,0.032612,0.2037,0.44361,0,0.030244,0.29487,0.53125,0.13223,0.01971,0.11538,0.076923,2
0.039057,0.089552,0.091603,0,0.035021,0.2037,0.39098,0,0.034692,0.17949,0.375,0.057851,0.031334,0.064103,0.086538,3
0.034408,0.19403,0.068702,0,0.032847,0.27778,0.30827,0,0.032389,0.19231,0.25,0.090909,0.028065,0.15385,0.086538,3
0.021561,0.23881,0.076336,0.0080645,0.031259,0.2963,0.33835,0,0.022567,0.25641,0.28125,0.17355,0.011602,0.32051,0.086538,3
0.034842,0.14925,0.1145,0.0080645,0.045414,0.16667,0.38346,0,0.049659,0.28205,0.42188,0.19835,0.037983,0.19231,0.23077,3
0.2324,0.23881,0.38168,0.12903,0.19401,0.2037,0.55639,0.085714,0.076611,0.35897,0.54688,0.24793,0.096434,0.12821,0.375,3
0.45689,0.43284,0.78626,0.37903,0.35622,0.27778,0.84962,0.35238,0.12552,0.58974,0.70313,0.58678,0.16531,0.39744,0.64423,3
0.47856,0.58209,0.94656,0.57258,0.38452,0.42593,0.98496,0.5619,0.16528,0.70513,0.98438,0.75207,0.20078,0.57692,0.90385,3
0.57425,0.76119,0.99237,0.73387,0.42081,0.57407,1,0.74286,0.13753,0.70513,1,0.80992,0.23049,0.69231,0.94231,3
0.72986,0.79104,1,0.80645,0.4905,0.59259,1,0.8381,0.167,0.65385,1,0.99174,0.26467,0.70513,0.91346,3
0.75489,0.70149,1,0.8629,0.53105,0.72222,1,0.95238,0.19681,0.69231,1,0.94215,0.26516,0.92308,0.94231,3
0.686,0.73134,1,0.82258,0.50254,0.7963,1,0.98095,0.16813,0.79487,1,0.87603,0.25902,1,0.99038,3
0.69224,0.76119,0.99237,0.83871,0.55538,0.7963,1,0.93333,0.19465,0.73077,1,0.92562,0.29517,0.82051,0.98077,3
0.70225,0.73134,0.99237,0.90323,0.57273,0.68519,1,0.88571,0.18782,0.78205,1,1,0.2878,0.83333,0.96154,3
0.58332,0.8209,0.9771,0.73387,0.46924,0.72222,0.99248,0.70476,0.12505,0.79487,1,0.98347,0.19447,0.87179,0.85577,3
0.44933,0.68657,0.94656,0.54839,0.39512,0.75926,0.98496,0.64762,0.092979,0.71795,0.95313,0.7686,0.15028,0.78205,0.75962,3
0.34341,0.65672,0.84733,0.50806,0.31231,0.62963,0.96241,0.54286,0.068019,0.62821,0.90625,0.59504,0.12613,0.66667,0.70192,3
0.24994,0.68657,0.73282,0.35484,0.22677,0.46296,0.89474,0.46667,0.067708,0.48718,0.89063,0.44628,0.090216,0.67949,0.58654,1
0.21429,0.62687,0.67176,0.28226,0.20928,0.38889,0.86466,0.47619,0.064167,0.5641,0.875,0.40496,0.078672,0.62821,0.48077,1
0.20496,0.59701,0.62595,0.25806,0.20043,0.59259,0.87218,0.33333,0.063075,0.53846,0.89063,0.41322,0.073386,0.44872,0.48077,1
0.14528,0.53731,0.51908,0.12097,0.15547,0.68519,0.7594,0.19048,0.062309,0.42308,0.85938,0.36364,0.053446,0.41026,0.47115,1
0.091829,0.59701,0.44275,0.048387,0.11251,0.74074,0.58647,0.14286,0.043458,0.60256,0.8125,0.43802,0.045269,0.47436,0.35577,1
0.091069,0.59701,0.50382,0.040323,0.11092,0.66667,0.59398,0.20952,0.03397,0.51282,0.67188,0.43802,0.047683,0.38462,0.41346,1
0.083932,0.34328,0.40458,0.032258,0.11204,0.46296,0.62406,0.14286,0.037169,0.4359,0.64063,0.3719,0.037178,0.29487,0.35577,1
0.081787,0.23881,0.29008,0.0080645,0.091415,0.48148,0.59398,0.057143,0.054222,0.41026,0.6875,0.35537,0.050435,0.26923,0.23077,1
0.079842,0.29851,0.37405,0.0080645,0.096752,0.38889,0.6015,0.057143,0.058256,0.34615,0.70313,0.32231,0.056813,0.35897,0.33654,1
0.067346,0.1791,0.32061,0,0.094864,0.12963,0.54887,0.028571,0.067457,0.11538,0.625,0.19835,0.04778,0.25641,0.23077,1
0.075702,0.14925,0.21374,0.016129,0.08386,0.25926,0.51128,0.028571,0.086792,0.025641,0.59375,0.18182,0.056836,0.12821,0.25,1
0.063565,0.23881,0.25954,0.016129,0.068278,0.44444,0.43609,0.038095,0.086123,0.14103,0.73438,0.30579,0.05648,0.19231,0.27885,1
0.061804,0.1791,0.31298,0,0.048613,0.37037,0.3609,0.019048,0.083395,0.064103,0.73438,0.32231,0.067001,0.10256,0.17308,1
0.078047,0.22388,0.24427,0,0.040405,0.27778,0.3609,0,0.092658,0.20513,0.76563,0.28926,0.084913,0.15385,0.30769,1
0.057655,0.32836,0.20611,0,0.032346,0.33333,0.45865,0,0.084928,0.32051,0.71875,0.29752,0.068863,0.19231,0.33654,1
0.041695,0.29851,0.18321,0.0080645,0.035287,0.18519,0.41353,0,0.064802,0.28205,0.57813,0.20661,0.052308,0.089744,0.18269,1
0.040501,0.22388,0.16031,0.0080645,0.033891,0.18519,0.27068,0,0.050347,0.38462,0.57813,0.2562,0.046711,0.19231,0.13462,2
0.032438,0.16418,0.1374,0,0.037003,0.2963,0.37594,0,0.02887,0.33333,0.45313,0.26446,0.027209,0.21795,0.10577,2
0.044065,0.1791,0.19847,0,0.049051,0.16667,0.40602,0,0.037156,0.17949,0.32813,0.099174,0.034409,0.21795,0.067308,2
0.032421,0.28358,0.16031,0,0.036741,0.11111,0.26316,0,0.026115,0.39744,0.32813,0.12397,0.025594,0.32051,0.11538,2
0.029282,0.20896,0,0,0.034469,0.055556,0.19549,0,0.0033578,0.5,0.29688,0.19008,0.005844,0.34615,0.096154,2
0.04687,0.10448,0.061069,0,0.034989,0.16667,0.19549,0,0.022765,0.35897,0.39063,0.15702,0.023887,0.26923,0.11538,2
0.027872,0.20896,0.1145,0,0.030927,0.22222,0.28571,0,0.022899,0.29487,0.39063,0.13223,0.023186,0.23077,0.11538,2
0.013372,0.31343,0.1374,0,0.032366,0.092593,0.32331,0,0.0047402,0.42308,0.35938,0.099174,0.0066657,0.29487,0.10577,2
0.020259,0.14925,0.068702,0,0.027341,0.11111,0.30075,0,0.015402,0.42308,0.32813,0.082645,0.018216,0.12821,0.038462,2
0.022797,0.029851,0.068702,0,0.029241,0.16667,0.31579,0,0.021642,0.39744,0.35938,0.082645,0.023801,0.038462,0.019231,2
0.02015,0.1194,0.12977,0,0.037468,0.074074,0.38346,0,0.016802,0.33333,0.375,0.041322,0.01509,0.20513,0.18269,2
0.017095,0.22388,0.061069,0,0.030547,0.16667,0.42857,0,0.021626,0.37179,0.32813,0.10744,0.017227,0.32051,0.25,2
0.040651,0.1791,0.14504,0,0.032893,0.35185,0.38346,0,0.052714,0.5641,0.53125,0.22314,0.047694,0.23077,0.13462,2
0.075977,0.089552,0.29008,0.0080645,0.043623,0.38889,0.42105,0,0.10963,0.39744,0.76563,0.28099,0.09363,0.16667,0.25,2
0.079934,0.089552,0.19084,0.0080645,0.041871,0.37037,0.45865,0,0.12064,0.24359,0.76563,0.35537,0.099755,0.21795,0.40385,2
0.14903,0.16418,0.26718,0.032258,0.069118,0.31481,0.52632,0.028571,0.22767,0.21795,0.79688,0.5124,0.20756,0.10256,0.51923,2
0.38515,0.23881,0.68702,0.25,0.13643,0.46296,0.73684,0.17143,0.51482,0.15385,0.95313,0.68595,0.51308,0,0.82692,1
0.50553,0.35821,0.91603,0.32258,0.19051,0.7037,0.93233,0.38095,0.66619,0.16667,1,0.73554,0.64798,0.19231,0.99038,1
0.45966,0.50746,0.8855,0.29839,0.20117,0.68519,0.93985,0.41905,0.62002,0.29487,1,0.80165,0.56623,0.39744,0.97115,1
0.44001,0.58209,0.91603,0.34677,0.18147,0.62963,0.91729,0.39048,0.53891,0.46154,1,0.95041,0.52254,0.35897,0.98077,1
0.47668,0.41791,0.9542,0.31452,0.2132,0.64815,0.95489,0.42857,0.53141,0.46154,1,0.84298,0.55483,0.24359,1,1
0.45601,0.23881,0.84733,0.25806,0.20178,0.68519,0.89474,0.41905,0.56631,0.4359,1,0.70248,0.56424,0.21795,0.96154,1
0.47838,0.13433,0.82443,0.18548,0.17003,0.66667,0.89474,0.44762,0.61928,0.41026,1,0.80165,0.60928,0.14103,0.96154,1
0.42227,0.23881,0.83206,0.16935,0.15457,0.74074,0.89474,0.32381,0.5349,0.33333,1,0.8595,0.52608,0.21795,0.99038,1
0.30804,0.31343,0.73282,0.16935,0.13432,0.64815,0.80451,0.1619,0.41509,0.25641,1,0.76033,0.38652,0.29487,0.90385,3
0.31935,0.28358,0.70992,0.16129,0.13646,0.2963,0.73684,0.15238,0.41758,0.28205,1,0.73554,0.3897,0.19231,0.83654,3
0.22344,0.32836,0.61832,0.080645,0.11074,0.22222,0.63158,0.10476,0.2655,0.41026,1,0.70248,0.24287,0.25641,0.72115,3
0.15177,0.29851,0.48092,0.064516,0.097996,0.46296,0.55639,0.13333,0.16951,0.33333,1,0.57025,0.14856,0.32051,0.64423,3
0.11993,0.25373,0.35115,0.064516,0.074331,0.48148,0.48872,0.07619,0.1634,0.23077,0.90625,0.43802,0.1496,0.24359,0.63462,3
0.087914,0.1791,0.30534,0.016129,0.056289,0.25926,0.41353,0,0.11296,0.28205,0.76563,0.39669,0.11,0.25641,0.49038,3
0.069341,0.19403,0.26718,0,0.049074,0.27778,0.46617,0,0.09727,0.41026,0.73438,0.40496,0.078534,0.37179,0.42308,3
0.061637,0.14925,0.26718,0.0080645,0.045942,0.38889,0.5188,0,0.077285,0.42308,0.76563,0.27273,0.056049,0.39744,0.38462,3
0.062346,0.1194,0.28244,0,0.049923,0.33333,0.45865,0,0.038185,0.35897,0.53125,0.1405,0.031633,0.25641,0.14423,2
0.043615,0.014925,0.12977,0,0.045097,0.16667,0.45865,0,0.017095,0.37179,0.35938,0.1405,0.011332,0.16667,0.048077,2
0.028164,0.029851,0.099237,0,0.038008,0.074074,0.38346,0,0.023779,0.29487,0.34375,0.10744,0.024542,0.21795,0.125,2
0.024633,0.20896,0.14504,0,0.038227,0.092593,0.30827,0,0.013795,0.24359,0.26563,0.049587,0.02056,0.25641,0.20192,2
0.034725,0.29851,0.18321,0,0.04968,0.12963,0.33835,0,0.013316,0.20513,0.28125,0.066116,0.016825,0.23077,0.21154,2
0.036077,0.14925,0.14504,0,0.047119,0.092593,0.33083,0,0.018563,0.19231,0.42188,0.099174,0.024071,0.35897,0.25962,2
0.033281,0.089552,0.12977,0,0.039654,0.074074,0.35338,0,0.022371,0.17949,0.40625,0.07438,0.02953,0.34615,0.22115,2
0.033122,0.19403,0.20611,0,0.042767,0.12963,0.42857,0,0.016619,0.089744,0.15625,0.024793,0.024916,0.16667,0.076923,2
0.06061,0.22388,0.27481,0,0.042564,0.16667,0.41353,0,0.041015,0.16667,0.23438,0.099174,0.061755,0.19231,0.17308,1
0.091745,0.16418,0.31298,0,0.036194,0.24074,0.3609,0,0.10374,0.16667,0.5625,0.22314,0.11872,0.14103,0.30769,1
0.13412,0.25373,0.38931,0.040323,0.074526,0.37037,0.5188,0.085714,0.20364,0.29487,0.82813,0.47934,0.17403,0.19231,0.55769,1
0.18428,0.47761,0.58779,0.080645,0.10848,0.5,0.69173,0.14286,0.30967,0.41026,1,0.73554,0.24155,0.37179,0.875,1
0.20654,0.29851,0.62595,0.080645,0.095798,0.72222,0.70677,0.12381,0.32465,0.32051,1,0.69421,0.26599,0.25641,0.88462,1
